country,iso_code,year,fossil_share,low_carbon_share,solar_wind_share,carbon_intensity_gco2_kwh,demand_per_capita_kwh
Afghanistan,AFG,2000,35.42,64.58,0,250.0,28.32
Afghanistan,AFG,2001,27.54,72.46,0,217.39,38.45
Afghanistan,AFG,2002,21.13,78.87,0,169.01,37.89
Afghanistan,AFG,2003,30.77,69.23,0,241.76,44.43
Afghanistan,AFG,2004,29.11,70.89,0,227.85,37.77
Afghanistan,AFG,2005,28.05,71.95,0,219.51,37.7
Afghanistan,AFG,2006,28.89,71.11,0,255.56,52.31
Afghanistan,AFG,2007,25.74,74.26,0,227.72,62.52
Afghanistan,AFG,2008,30.77,69.23,0,256.41,57.77
Afghanistan,AFG,2009,12.36,87.64,0,112.36,74.27
Afghanistan,AFG,2010,14.77,85.23,0,136.36,97.23
Afghanistan,AFG,2011,22.08,77.92,0,194.81,119.26
Afghanistan,AFG,2012,15.91,84.09,3.41,147.73,129.25
Afghanistan,AFG,2013,19.82,80.18,2.7,180.18,149.58
Afghanistan,AFG,2014,13.79,86.21,2.59,129.31,148.51
Afghanistan,AFG,2015,12.71,87.29,2.54,118.64,146.61
Afghanistan,AFG,2016,12.4,87.6,3.31,115.7,159.65
Afghanistan,AFG,2017,13.49,86.51,3.17,126.98,164.48
Afghanistan,AFG,2018,17.09,82.91,3.42,153.85,167.65
Afghanistan,AFG,2019,12.33,87.67,4.11,116.44,168.27
Afghanistan,AFG,2020,10.17,89.83,5.93,93.22,162.02
Afghanistan,AFG,2021,12.26,87.74,7.55,113.21,169.0
Afghanistan,AFG,2022,13.54,86.46,9.38,125.0,168.56
Afghanistan,AFG,2023,13.4,86.6,9.28,123.71,173.44
Afghanistan,AFG,2024,13.13,86.87,11.11,131.31,159.92
Albania,ALB,2000,3.81,96.19,0,48.63,1809.77
Albania,ALB,2001,4.61,95.39,0,51.49,1728.11
Albania,ALB,2002,6.2,93.8,0,62.0,1856.99
Albania,ALB,2003,2.1,97.9,0,36.33,1972.36
Albania,ALB,2004,2.52,97.48,0,39.64,1946.0
Albania,ALB,2005,1.3,98.7,0,33.4,1872.47
Albania,ALB,2006,1.79,98.21,0,35.71,1851.97
Albania,ALB,2007,2.47,97.53,0,42.4,1872.38
Albania,ALB,2008,0.0,100.0,0,23.94,2068.2
Albania,ALB,2009,0.0,100.0,0,23.08,2228.61
Albania,ALB,2010,0.0,100.0,0,23.78,2260.36
Albania,ALB,2011,1.43,98.57,0,33.41,2558.82
Albania,ALB,2012,0.0,100.0,0,23.31,2494.84
Albania,ALB,2013,0.0,100.0,0,24.43,3191.67
Albania,ALB,2014,0.0,100.0,0,23.31,2682.74
Albania,ALB,2015,0.0,100.0,0,23.77,2514.98
Albania,ALB,2016,0.0,100.0,0,23.14,2670.93
Albania,ALB,2017,0.0,100.0,0,24.28,2567.07
Albania,ALB,2018,0.0,100.0,0,23.39,2639.74
Albania,ALB,2019,0.0,100.0,0.39,23.08,2637.77
Albania,ALB,2020,0.0,100.0,0.56,24.48,2642.8
Albania,ALB,2021,0.0,100.0,0.45,23.49,2944.23
Albania,ALB,2022,0.0,100.0,2.3,24.39,2790.34
Albania,ALB,2023,0.0,100.0,3.33,24.42,2877.3
Albania,ALB,2024,0.0,100.0,4.08,25.18,3105.57
Algeria,DZA,2000,99.8,0.2,0,638.58,819.64
Algeria,DZA,2001,99.74,0.26,0,638.24,848.04
Algeria,DZA,2002,99.78,0.22,0,637.98,870.21
Algeria,DZA,2003,99.12,0.88,0,634.09,919.32
Algeria,DZA,2004,99.2,0.8,0,634.56,958.06
Algeria,DZA,2005,98.38,1.62,0,629.31,1026.6
Algeria,DZA,2006,99.38,0.62,0,635.82,1050.16
Algeria,DZA,2007,99.41,0.59,0,635.92,1088.06
Algeria,DZA,2008,99.3,0.7,0,635.35,1154.04
Algeria,DZA,2009,99.22,0.78,0,634.55,1083.95
Algeria,DZA,2010,99.63,0.37,0,637.0,1261.74
Algeria,DZA,2011,99.02,0.98,0,633.35,1384.15
Algeria,DZA,2012,98.92,1.08,0,632.75,1523.4
Algeria,DZA,2013,99.45,0.55,0,636.0,1556.72
Algeria,DZA,2014,99.61,0.39,0,637.0,1634.48
Algeria,DZA,2015,99.68,0.32,0.12,637.42,1719.41
Algeria,DZA,2016,99.52,0.48,0.17,636.4,1732.89
Algeria,DZA,2017,99.16,0.84,0.76,634.15,1816.53
Algeria,DZA,2018,98.93,1.07,0.91,632.7,1803.55
Algeria,DZA,2019,98.93,1.07,0.88,632.77,1881.76
Algeria,DZA,2020,98.89,1.11,1.05,632.61,1800.78
Algeria,DZA,2021,99.05,0.95,0.94,633.53,1886.68
Algeria,DZA,2022,99.06,0.94,0.92,633.65,1954.82
Algeria,DZA,2023,99.05,0.95,0.93,633.61,2024.08
Algeria,DZA,2024,98.93,1.07,1.05,632.94,2004.52
American Samoa,ASM,2000,100.0,0.0,0,647.06,2988.91
American Samoa,ASM,2001,100.0,0.0,0,647.06,2978.69
American Samoa,ASM,2002,100.0,0.0,0,666.67,3153.41
American Samoa,ASM,2003,100.0,0.0,0,684.21,3334.03
American Samoa,ASM,2004,100.0,0.0,0,684.21,3342.66
American Samoa,ASM,2005,100.0,0.0,0,684.21,3354.64
American Samoa,ASM,2006,100.0,0.0,0,684.21,3369.33
American Samoa,ASM,2007,100.0,0.0,0,684.21,3384.76
American Samoa,ASM,2008,100.0,0.0,0,684.21,3402.09
American Samoa,ASM,2009,100.0,0.0,0,666.67,3240.79
American Samoa,ASM,2010,100.0,0.0,0,687.5,2896.14
American Samoa,ASM,2011,100.0,0.0,0,687.5,2913.49
American Samoa,ASM,2012,100.0,0.0,0,687.5,2935.46
American Samoa,ASM,2013,100.0,0.0,0,666.67,2776.44
American Samoa,ASM,2014,100.0,0.0,0,666.67,2804.32
American Samoa,ASM,2015,100.0,0.0,0,687.5,3024.8
American Samoa,ASM,2016,100.0,0.0,0,647.06,3252.97
American Samoa,ASM,2017,100.0,0.0,0,687.5,3100.47
American Samoa,ASM,2018,100.0,0.0,0,687.5,3141.75
American Samoa,ASM,2019,100.0,0.0,0,687.5,3185.35
American Samoa,ASM,2020,100.0,0.0,0,647.06,3415.09
American Samoa,ASM,2021,100.0,0.0,0,647.06,3451.85
American Samoa,ASM,2022,94.44,5.56,5.56,611.11,3721.7
American Samoa,ASM,2023,100.0,0.0,0,647.06,3575.64
American Samoa,ASM,2024,94.44,5.56,5.56,611.11,3846.81
Angola,AGO,2000,36.81,63.19,0,256.94,88.92
Angola,AGO,2001,37.8,62.2,0,262.2,97.93
Angola,AGO,2002,35.23,64.77,0,250.0,101.57
Angola,AGO,2003,37.69,62.31,0,261.31,110.9
Angola,AGO,2004,21.88,78.12,0,160.71,120.43
Angola,AGO,2005,15.59,84.41,0,121.67,136.33
Angola,AGO,2006,14.77,85.23,0,117.45,148.89
Angola,AGO,2007,23.15,76.85,0,169.75,155.93
Angola,AGO,2008,22.22,77.78,0,162.96,187.69
Angola,AGO,2009,33.4,66.6,0,236.25,219.05
Angola,AGO,2010,32.05,67.95,0.18,227.11,234.39
Angola,AGO,2011,28.98,71.03,0.18,208.48,233.71
Angola,AGO,2012,29.02,70.98,0.13,207.25,306.62
Angola,AGO,2013,41.96,58.04,0.12,289.57,311.48
Angola,AGO,2014,47.18,52.82,0.21,324.27,351.98
Angola,AGO,2015,45.4,54.6,0.2,312.88,347.33
Angola,AGO,2016,41.44,58.56,0.18,286.89,376.25
Angola,AGO,2017,28.59,71.42,0.18,205.37,357.54
Angola,AGO,2018,20.55,79.45,0.15,154.49,419.85
Angola,AGO,2019,26.8,73.2,0.13,186.47,488.64
Angola,AGO,2020,24.39,75.61,0.12,171.33,502.52
Angola,AGO,2021,24.57,75.43,0.12,172.7,487.95
Angola,AGO,2022,24.44,75.56,2.25,172.16,485.76
Angola,AGO,2023,25.97,74.03,2.48,183.49,428.57
Angola,AGO,2024,26.3,73.7,2.82,185.38,411.5
Antigua and Barbuda,ATG,2000,100.0,0.0,0,666.67,2001.89
Antigua and Barbuda,ATG,2001,100.0,0.0,0,647.06,2234.43
Antigua and Barbuda,ATG,2002,100.0,0.0,0,684.21,2465.96
Antigua and Barbuda,ATG,2003,100.0,0.0,0,666.67,2695.9
Antigua and Barbuda,ATG,2004,100.0,0.0,0,636.36,2794.22
Antigua and Barbuda,ATG,2005,100.0,0.0,0,666.67,3014.01
Antigua and Barbuda,ATG,2006,100.0,0.0,0,653.85,3225.05
Antigua and Barbuda,ATG,2007,100.0,0.0,0,655.17,3548.88
Antigua and Barbuda,ATG,2008,100.0,0.0,0,666.67,3617.68
Antigua and Barbuda,ATG,2009,100.0,0.0,0,666.67,3919.57
Antigua and Barbuda,ATG,2010,100.0,0.0,0,666.67,3867.02
Antigua and Barbuda,ATG,2011,100.0,0.0,0,666.67,3821.66
Antigua and Barbuda,ATG,2012,100.0,0.0,0,666.67,3781.15
Antigua and Barbuda,ATG,2013,100.0,0.0,0,666.67,3746.85
Antigua and Barbuda,ATG,2014,100.0,0.0,0,647.06,3829.52
Antigua and Barbuda,ATG,2015,97.14,2.86,2.86,628.57,3914.07
Antigua and Barbuda,ATG,2016,100.0,0.0,0,647.06,3778.62
Antigua and Barbuda,ATG,2017,97.14,2.86,2.86,628.57,3868.13
Antigua and Barbuda,ATG,2018,97.22,2.78,2.78,638.89,3958.57
Antigua and Barbuda,ATG,2019,97.22,2.78,2.78,638.89,3939.72
Antigua and Barbuda,ATG,2020,94.29,5.71,5.71,628.57,3809.98
Antigua and Barbuda,ATG,2021,94.29,5.71,5.71,628.57,3789.6
Antigua and Barbuda,ATG,2022,94.44,5.56,5.56,611.11,3877.22
Antigua and Barbuda,ATG,2023,94.44,5.56,5.56,611.11,3857.24
Antigua and Barbuda,ATG,2024,91.89,8.11,8.11,594.6,3945.32
Argentina,ARG,2000,60.46,39.54,0.03,355.47,2423.82
Argentina,ARG,2001,51.13,48.87,0.06,302.09,2442.27
Argentina,ARG,2002,50.11,49.89,0.08,294.83,2380.0
Argentina,ARG,2003,54.02,45.98,0.09,316.39,2527.05
Argentina,ARG,2004,60.83,39.17,0.07,357.67,2672.36
Argentina,ARG,2005,60.21,39.79,0.07,357.16,2795.49
Argentina,ARG,2006,58.69,41.31,0.06,349.91,2922.36
Argentina,ARG,2007,65.12,34.88,0.05,388.04,3026.73
Argentina,ARG,2008,67.32,32.68,0.03,400.62,3151.33
Argentina,ARG,2009,64.0,36.0,0.03,382.36,3144.79
Argentina,ARG,2010,66.68,33.32,0.02,401.59,3259.97
Argentina,ARG,2011,69.87,30.13,0.02,419.88,3334.72
Argentina,ARG,2012,72.51,27.49,0.28,432.14,3406.64
Argentina,ARG,2013,70.61,29.39,0.34,422.23,3464.1
Argentina,ARG,2014,71.09,28.91,0.46,424.14,3449.23
Argentina,ARG,2015,71.48,28.52,0.41,426.56,3550.84
Argentina,ARG,2016,72.98,27.02,0.38,431.92,3569.45
Argentina,ARG,2017,72.69,27.31,0.43,425.38,3523.91
Argentina,ARG,2018,71.32,28.68,1.04,414.29,3501.07
Argentina,ARG,2019,69.03,30.98,4.16,397.62,3340.19
Argentina,ARG,2020,67.76,32.24,7.43,394.7,3304.79
Argentina,ARG,2021,69.17,30.83,9.89,406.99,3435.05
Argentina,ARG,2022,65.84,34.16,11.74,392.69,3490.36
Argentina,ARG,2023,59.2,40.8,11.96,350.9,3599.16
Argentina,ARG,2024,58.76,41.24,13.21,344.83,3538.15
Armenia,ARM,2000,46.54,53.46,0,280.28,1702.06
Armenia,ARM,2001,48.61,51.39,0,290.94,1741.05
Armenia,ARM,2002,29.75,70.25,0,184.56,1623.23
Armenia,ARM,2003,28.68,71.32,0,179.25,1651.87
Armenia,ARM,2004,27.81,72.19,0,172.71,1667.47
Armenia,ARM,2005,30.1,69.9,0,184.21,1762.93
Armenia,ARM,2006,25.92,74.08,0,161.12,1805.8
Armenia,ARM,2007,26.28,73.72,0,162.26,1939.61
Armenia,ARM,2008,31.36,68.64,0,193.22,1986.49
Armenia,ARM,2009,21.14,78.86,0,134.19,1833.29
Armenia,ARM,2010,22.97,77.03,0.16,146.73,1873.03
Armenia,ARM,2011,33.15,66.85,0,203.88,2011.45
Armenia,ARM,2012,43.48,56.52,0,263.43,2128.29
Armenia,ARM,2013,42.32,57.68,0,256.34,2165.93
Armenia,ARM,2014,43.69,56.31,0,264.28,2196.8
Armenia,ARM,2015,37.09,62.91,0,225.17,2156.66
Armenia,ARM,2016,36.34,63.66,0,222.54,2107.03
Armenia,ARM,2017,38.11,61.89,0,231.08,2199.0
Armenia,ARM,2018,44.53,55.47,0.26,268.78,2120.3
Armenia,ARM,2019,40.72,59.28,0.8,248.33,2248.64
Armenia,ARM,2020,41.49,58.51,1.83,251.31,2293.41
Armenia,ARM,2021,43.78,56.22,3.76,265.54,2470.09
Armenia,ARM,2022,39.27,60.73,5.26,240.89,2926.19
Armenia,ARM,2023,43.01,56.99,8.9,262.43,2551.47
Armenia,ARM,2024,38.98,61.02,9.74,240.31,2569.07
Aruba,ABW,2000,100.0,0.0,0,653.85,8786.55
Aruba,ABW,2001,100.0,0.0,0,654.32,8968.11
Aruba,ABW,2002,100.0,0.0,0,658.54,8972.24
Aruba,ABW,2003,100.0,0.0,0,654.76,9098.39
Aruba,ABW,2004,100.0,0.0,0,655.17,9332.46
Aruba,ABW,2005,100.0,0.0,0,659.34,9656.3
Aruba,ABW,2006,100.0,0.0,0,659.34,9538.48
Aruba,ABW,2007,100.0,0.0,0,659.57,9730.45
Aruba,ABW,2008,100.0,0.0,0,659.34,9303.28
Aruba,ABW,2009,96.84,3.16,3.16,642.11,9592.08
Aruba,ABW,2010,88.3,11.7,11.7,585.11,9388.08
Aruba,ABW,2011,88.17,11.83,11.83,580.65,9208.38
Aruba,ABW,2012,84.78,15.22,15.22,554.35,9039.64
Aruba,ABW,2013,84.04,15.96,15.96,553.19,9164.47
Aruba,ABW,2014,82.98,17.02,17.02,542.55,9092.58
Aruba,ABW,2015,81.44,18.56,18.56,536.08,9309.02
Aruba,ABW,2016,85.11,14.89,14.89,563.83,8953.32
Aruba,ABW,2017,85.57,14.43,14.43,567.01,9173.7
Aruba,ABW,2018,83.5,16.5,16.5,546.39,9112.52
Aruba,ABW,2019,82.83,17.17,17.17,545.46,9244.65
Aruba,ABW,2020,82.83,17.17,17.17,545.46,9216.93
Aruba,ABW,2021,83.0,17.0,17.0,550.0,9296.7
Aruba,ABW,2022,83.0,17.0,17.0,550.0,9277.13
Aruba,ABW,2023,83.0,17.0,17.0,550.0,9263.89
Aruba,ABW,2024,83.0,17.0,17.0,550.0,9252.75
Australia,AUS,2000,91.91,8.09,0.08,805.98,11333.09
Australia,AUS,2001,92.3,7.7,0.15,803.13,11580.42
Australia,AUS,2002,91.97,8.03,0.26,794.67,11405.25
Australia,AUS,2003,91.74,8.26,0.34,792.17,11400.42
Australia,AUS,2004,91.55,8.45,0.38,792.83,11434.81
Australia,AUS,2005,91.02,8.98,0.6,791.8,11369.59
Australia,AUS,2006,91.12,8.88,0.95,790.5,11558.21
Australia,AUS,2007,91.66,8.34,1.22,791.15,11605.6
Australia,AUS,2008,92.21,7.79,1.47,791.51,11482.13
Australia,AUS,2009,91.93,8.07,1.89,785.11,11472.24
Australia,AUS,2010,91.17,8.83,2.38,775.67,11334.78
Australia,AUS,2011,88.06,11.94,3.3,749.42,11400.47
Australia,AUS,2012,87.92,12.08,4.04,746.99,10968.53
Australia,AUS,2013,85.76,14.24,5.25,726.16,10740.1
Australia,AUS,2014,86.77,13.23,5.95,734.18,10495.6
Australia,AUS,2015,85.91,14.1,7.1,729.71,10605.9
Australia,AUS,2016,83.84,16.16,7.93,713.51,10613.66
Australia,AUS,2017,84.87,15.13,8.54,718.08,10471.45
Australia,AUS,2018,81.16,18.84,10.89,688.42,10455.14
Australia,AUS,2019,79.22,20.78,14.2,670.1,10434.52
Australia,AUS,2020,75.76,24.24,17.52,642.32,10299.57
Australia,AUS,2021,71.11,28.89,21.68,605.91,10303.81
Australia,AUS,2022,67.96,32.04,24.77,577.86,10416.4
Australia,AUS,2023,65.19,34.81,28.14,556.7,10325.08
Australia,AUS,2024,64.92,35.08,29.45,553.83,10543.1
Austria,AUT,2000,27.16,72.84,0.12,203.39,7272.0
Austria,AUT,2001,30.73,69.27,0.18,229.09,7609.83
Austria,AUT,2002,30.89,69.11,0.25,226.13,7588.81
Austria,AUT,2003,39.21,60.79,0.66,282.39,7827.54
Austria,AUT,2004,35.94,64.06,1.54,259.34,7943.97
Austria,AUT,2005,36.49,63.51,2.1,254.0,8140.52
Austria,AUT,2006,34.64,65.36,2.85,253.01,8289.1
Austria,AUT,2007,31.29,68.71,3.28,232.69,8298.23
Austria,AUT,2008,30.83,69.17,3.17,220.41,8318.86
Austria,AUT,2009,28.74,71.26,3.02,195.89,8027.49
Austria,AUT,2010,33.66,66.34,3.17,226.78,8399.19
Austria,AUT,2011,34.23,65.77,3.39,238.59,8387.67
Austria,AUT,2012,25.23,74.77,4.08,185.87,8474.07
Austria,AUT,2013,21.77,78.23,5.86,173.35,8467.93
Austria,AUT,2014,18.44,81.56,7.54,150.45,8285.16
Austria,AUT,2015,22.97,77.03,9.36,172.06,8310.93
Austria,AUT,2016,21.26,78.74,9.76,154.62,8243.38
Austria,AUT,2017,23.91,76.09,11.69,162.92,8369.34
Austria,AUT,2018,22.59,77.41,11.58,157.88,8326.5
Austria,AUT,2019,22.7,77.3,12.94,152.78,8312.24
Austria,AUT,2020,19.72,80.28,12.79,133.28,7984.17
Austria,AUT,2021,20.88,79.12,14.28,135.29,8275.85
Austria,AUT,2022,21.81,78.19,17.11,140.84,8071.99
Austria,AUT,2023,15.24,84.76,21.03,111.72,7766.33
Austria,AUT,2024,13.78,86.22,22.02,103.48,7860.04
Azerbaijan,AZE,2000,91.86,8.14,0,617.77,2345.02
Azerbaijan,AZE,2001,93.2,6.8,0,648.73,2380.09
Azerbaijan,AZE,2002,89.29,10.71,0,623.66,2417.69
Azerbaijan,AZE,2003,88.52,11.48,0,615.24,2717.69
Azerbaijan,AZE,2004,87.43,12.57,0,611.88,2719.71
Azerbaijan,AZE,2005,86.95,13.05,0,609.9,2796.24
Azerbaijan,AZE,2006,89.84,10.16,0,630.76,2915.73
Azerbaijan,AZE,2007,89.28,10.72,0,631.07,2444.41
Azerbaijan,AZE,2008,89.78,10.22,0,639.69,2350.54
Azerbaijan,AZE,2009,87.85,12.15,0,629.18,2053.87
Azerbaijan,AZE,2010,81.73,18.27,0,588.65,2001.78
Azerbaijan,AZE,2011,86.93,13.07,0,623.58,2116.43
Azerbaijan,AZE,2012,92.16,7.84,0,659.56,2392.23
Azerbaijan,AZE,2013,93.29,6.71,0,669.25,2407.3
Azerbaijan,AZE,2014,94.44,5.56,0,677.22,2518.91
Azerbaijan,AZE,2015,93.04,6.96,0,663.82,2502.86
Azerbaijan,AZE,2016,91.59,8.41,0.24,651.51,2418.82
Azerbaijan,AZE,2017,92.24,7.76,0.25,658.96,2312.28
Azerbaijan,AZE,2018,92.24,7.76,0.48,661.76,2372.56
Azerbaijan,AZE,2019,93.1,6.9,0.54,667.82,2433.12
Azerbaijan,AZE,2020,94.87,5.13,0.58,680.0,2429.84
Azerbaijan,AZE,2021,94.53,5.47,0.5,676.14,2566.84
Azerbaijan,AZE,2022,93.64,6.36,0.48,671.39,2533.19
Azerbaijan,AZE,2023,93.47,6.53,0.52,669.99,2525.63
Azerbaijan,AZE,2024,88.25,11.75,0.61,634.34,2574.35
Bahamas,BHS,2000,100.0,0.0,0,658.82,5249.41
Bahamas,BHS,2001,100.0,0.0,0,655.37,5398.86
Bahamas,BHS,2002,100.0,0.0,0,656.09,5699.21
Bahamas,BHS,2003,100.0,0.0,0,660.0,5959.03
Bahamas,BHS,2004,100.0,0.0,0,656.57,5827.06
Bahamas,BHS,2005,100.0,0.0,0,660.29,6077.26
Bahamas,BHS,2006,100.0,0.0,0,655.66,6085.2
Bahamas,BHS,2007,100.0,0.0,0,657.78,6367.75
Bahamas,BHS,2008,100.0,0.0,0,657.78,6282.58
Bahamas,BHS,2009,100.0,0.0,0,658.88,5898.47
Bahamas,BHS,2010,100.0,0.0,0,656.72,5469.66
Bahamas,BHS,2011,100.0,0.0,0,658.54,5514.64
Bahamas,BHS,2012,100.0,0.0,0,657.9,5060.27
Bahamas,BHS,2013,100.0,0.0,0,659.57,4960.98
Bahamas,BHS,2014,100.0,0.0,0,656.25,5022.08
Bahamas,BHS,2015,100.0,0.0,0,660.0,5190.02
Bahamas,BHS,2016,100.0,0.0,0,659.9,5076.53
Bahamas,BHS,2017,100.0,0.0,0,658.29,5096.08
Bahamas,BHS,2018,100.0,0.0,0,660.0,5092.71
Bahamas,BHS,2019,100.0,0.0,0,656.72,5092.68
Bahamas,BHS,2020,99.51,0.49,0.49,655.17,5127.89
Bahamas,BHS,2021,99.51,0.49,0.49,656.86,5146.56
Bahamas,BHS,2022,99.02,0.98,0.98,653.66,5156.69
Bahamas,BHS,2023,99.09,0.91,0.91,651.58,5532.58
Bahamas,BHS,2024,99.11,0.89,0.89,653.33,5607.03
Bahrain,BHR,2000,100.0,0.0,0,904.76,20699.26
Bahrain,BHR,2001,100.0,0.0,0,904.93,20886.79
Bahrain,BHR,2002,100.0,0.0,0,904.98,20287.02
Bahrain,BHR,2003,100.0,0.0,0,904.46,19352.23
Bahrain,BHR,2004,100.0,0.0,0,904.64,18532.42
Bahrain,BHR,2005,100.0,0.0,0,904.49,20769.49
Bahrain,BHR,2006,100.0,0.0,0,898.76,21153.68
Bahrain,BHR,2007,100.0,0.0,0,901.47,20550.04
Bahrain,BHR,2008,100.0,0.0,0,904.91,20192.41
Bahrain,BHR,2009,100.0,0.0,0,904.7,19203.86
Bahrain,BHR,2010,100.0,0.0,0,904.7,19773.37
Bahrain,BHR,2011,100.0,0.0,0,904.68,20269.6
Bahrain,BHR,2012,100.0,0.0,0,904.72,20233.38
Bahrain,BHR,2013,100.0,0.0,0,904.67,20625.1
Bahrain,BHR,2014,99.96,0.04,0.04,904.26,20763.88
Bahrain,BHR,2015,99.97,0.04,0.04,904.53,20793.54
Bahrain,BHR,2016,99.97,0.04,0.04,904.28,19935.52
Bahrain,BHR,2017,99.97,0.03,0.03,904.55,19750.3
Bahrain,BHR,2018,99.97,0.03,0.03,904.57,19864.67
Bahrain,BHR,2019,99.94,0.06,0.06,904.26,22340.01
Bahrain,BHR,2020,99.94,0.06,0.06,904.13,22358.86
Bahrain,BHR,2021,99.88,0.12,0.12,903.57,22593.46
Bahrain,BHR,2022,99.78,0.22,0.22,902.75,23287.21
Bahrain,BHR,2023,99.76,0.24,0.24,902.59,24177.0
Bahrain,BHR,2024,99.74,0.26,0.26,902.24,23919.47
Bangladesh,BGD,2000,94.1,5.9,0,645.55,118.47
Bangladesh,BGD,2001,94.36,5.64,0,647.3,127.04
Bangladesh,BGD,2002,94.46,5.54,0,647.49,136.4
Bangladesh,BGD,2003,94.42,5.58,0,648.23,142.37
Bangladesh,BGD,2004,95.19,4.82,0,653.0,175.85
Bangladesh,BGD,2005,95.25,4.75,0,654.67,186.3
Bangladesh,BGD,2006,95.39,4.61,0.03,655.84,206.0
Bangladesh,BGD,2007,97.55,2.45,0.07,673.12,209.41
Bangladesh,BGD,2008,97.19,2.81,0.06,672.51,229.0
Bangladesh,BGD,2009,98.74,1.26,0.08,681.98,246.76
Bangladesh,BGD,2010,97.97,2.03,0.17,675.23,268.46
Bangladesh,BGD,2011,97.78,2.22,0.14,672.55,287.91
Bangladesh,BGD,2012,98.13,1.87,0.18,673.8,313.54
Bangladesh,BGD,2013,97.99,2.01,0.24,673.79,340.76
Bangladesh,BGD,2014,98.61,1.39,0.28,676.54,369.2
Bangladesh,BGD,2015,98.65,1.35,0.35,675.83,393.2
Bangladesh,BGD,2016,98.2,1.79,0.33,672.6,453.39
Bangladesh,BGD,2017,98.24,1.76,0.35,672.16,481.61
Bangladesh,BGD,2018,98.23,1.77,0.41,673.03,513.26
Bangladesh,BGD,2019,98.6,1.4,0.45,675.24,557.26
Bangladesh,BGD,2020,98.54,1.46,0.55,678.91,554.0
Bangladesh,BGD,2021,98.59,1.41,0.65,679.04,618.82
Bangladesh,BGD,2022,98.44,1.55,0.86,676.48,649.17
Bangladesh,BGD,2023,98.29,1.71,1.06,682.72,648.29
Bangladesh,BGD,2024,98.11,1.89,1.2,695.7,643.8
Barbados,BRB,2000,100.0,0.0,0,658.23,3014.45
Barbados,BRB,2001,100.0,0.0,0,650.6,3162.76
Barbados,BRB,2002,100.0,0.0,0,662.79,3255.66
Barbados,BRB,2003,100.0,0.0,0,666.67,3273.27
Barbados,BRB,2004,100.0,0.0,0,662.92,3329.63
Barbados,BRB,2005,100.0,0.0,0,656.57,3684.17
Barbados,BRB,2006,100.0,0.0,0,656.86,3777.62
Barbados,BRB,2007,100.0,0.0,0,657.14,3870.28
Barbados,BRB,2008,100.0,0.0,0,657.14,3850.12
Barbados,BRB,2009,100.0,0.0,0,663.55,3903.16
Barbados,BRB,2010,100.0,0.0,0,660.19,3742.04
Barbados,BRB,2011,100.0,0.0,0,663.46,3766.07
Barbados,BRB,2012,100.0,0.0,0,654.87,4080.17
Barbados,BRB,2013,100.0,0.0,0,653.47,3637.42
Barbados,BRB,2014,99.03,0.97,0.97,650.49,3700.31
Barbados,BRB,2015,99.04,0.96,0.96,644.23,3727.61
Barbados,BRB,2016,98.09,1.91,1.91,638.1,3755.31
Barbados,BRB,2017,97.11,2.88,2.88,634.62,3711.94
Barbados,BRB,2018,97.11,2.88,2.88,634.62,3704.77
Barbados,BRB,2019,96.23,3.77,3.77,632.08,3769.34
Barbados,BRB,2020,93.4,6.6,6.6,613.21,3762.79
Barbados,BRB,2021,92.45,7.55,7.55,603.77,3756.77
Barbados,BRB,2022,92.66,7.34,7.34,605.51,3860.81
Barbados,BRB,2023,91.82,8.18,8.18,600.0,3895.91
Barbados,BRB,2024,90.99,9.01,9.01,594.6,3929.54
Belarus,BLR,2000,99.89,0.12,0,518.01,3333.9
Belarus,BLR,2001,99.88,0.12,0,516.55,3354.78
Belarus,BLR,2002,99.89,0.11,0,515.5,3343.31
Belarus,BLR,2003,99.89,0.11,0,514.08,3413.18
Belarus,BLR,2004,99.9,0.1,0,515.06,3538.74
Belarus,BLR,2005,99.87,0.13,0,512.6,3620.25
Belarus,BLR,2006,99.87,0.13,0,515.25,3764.55
Belarus,BLR,2007,99.84,0.16,0,508.95,3782.23
Belarus,BLR,2008,99.8,0.2,0,512.13,3871.2
Belarus,BLR,2009,99.64,0.36,0,534.08,3664.54
Belarus,BLR,2010,99.6,0.4,0,511.18,3961.75
Belarus,BLR,2011,99.56,0.43,0,509.16,3988.29
Belarus,BLR,2012,99.32,0.68,0.03,510.22,4058.93
Belarus,BLR,2013,99.05,0.95,0.03,505.87,4002.34
Belarus,BLR,2014,99.17,0.83,0.03,507.2,4017.86
Belarus,BLR,2015,99.0,1.0,0.12,506.89,3869.39
Belarus,BLR,2016,98.72,1.28,0.33,506.11,3851.96
Belarus,BLR,2017,97.74,2.26,0.55,499.86,3906.99
Belarus,BLR,2018,97.92,2.08,0.72,501.15,4008.43
Belarus,BLR,2019,97.43,2.57,0.89,498.76,4040.1
Belarus,BLR,2020,95.61,4.38,0.96,498.7,4068.04
Belarus,BLR,2021,82.91,17.09,0.85,433.21,4426.37
Belarus,BLR,2022,84.02,15.98,1.05,439.22,3976.78
Belarus,BLR,2023,68.69,31.31,1.01,359.85,4544.92
Belarus,BLR,2024,62.68,37.32,1.0,329.55,4992.99
Belgium,BEL,2000,40.56,59.44,0.02,269.6,8498.09
Belgium,BEL,2001,39.68,60.32,0.05,252.83,8529.21
Belgium,BEL,2002,40.08,59.92,0.07,249.82,8567.72
Belgium,BEL,2003,41.87,58.13,0.11,249.13,8671.72
Belgium,BEL,2004,41.13,58.87,0.17,247.62,8702.37
Belgium,BEL,2005,41.09,58.91,0.27,241.05,8653.59
Belgium,BEL,2006,40.47,59.53,0.44,231.58,8863.86
Belgium,BEL,2007,40.42,59.58,0.58,224.28,8808.07
Belgium,BEL,2008,39.81,60.19,0.82,218.28,8745.33
Belgium,BEL,2009,41.33,58.67,1.29,216.91,8131.0
Belgium,BEL,2010,41.41,58.59,2.02,212.81,8557.49
Belgium,BEL,2011,36.62,63.38,3.95,192.88,8318.07
Belgium,BEL,2012,37.68,62.32,6.02,202.68,8233.16
Belgium,BEL,2013,33.67,66.33,7.7,184.26,8206.78
Belgium,BEL,2014,35.52,64.48,10.55,189.89,7921.42
Belgium,BEL,2015,40.76,59.24,12.61,215.55,7931.47
Belgium,BEL,2016,31.48,68.52,10.11,158.7,7984.85
Belgium,BEL,2017,32.0,68.0,11.52,159.48,8030.53
Belgium,BEL,2018,38.05,61.95,15.53,186.95,7979.97
Belgium,BEL,2019,32.06,67.94,15.1,156.54,7905.58
Belgium,BEL,2020,34.44,65.56,20.3,166.61,7622.12
Belgium,BEL,2021,26.48,73.52,17.73,131.79,7909.54
Belgium,BEL,2022,27.58,72.42,20.39,139.4,7455.88
Belgium,BEL,2023,26.47,73.53,28.33,134.67,7151.95
Belgium,BEL,2024,23.66,76.34,29.76,126.96,7355.97
Belize,BLZ,2000,30.77,69.23,0,230.77,539.85
Belize,BLZ,2001,30.77,69.23,0,230.77,1167.51
Belize,BLZ,2002,35.71,64.29,0,214.29,1249.91
Belize,BLZ,2003,62.5,37.5,0,437.5,1326.79
Belize,BLZ,2004,57.14,42.86,0,357.14,1398.63
Belize,BLZ,2005,56.25,43.75,0,375.0,1465.61
Belize,BLZ,2006,14.29,85.71,0,95.24,1458.9
Belize,BLZ,2007,18.18,81.82,0,136.36,1485.9
Belize,BLZ,2008,4.76,95.24,0,47.62,1511.3
Belize,BLZ,2009,20.83,79.17,0,125.0,1471.44
Belize,BLZ,2010,11.9,88.09,0,142.86,1811.05
Belize,BLZ,2011,6.06,93.94,0,90.91,1527.62
Belize,BLZ,2012,7.89,92.11,0,131.58,1853.95
Belize,BLZ,2013,5.41,94.59,0,108.11,1756.26
Belize,BLZ,2014,8.33,91.67,0,138.89,1690.86
Belize,BLZ,2015,8.33,91.67,0,138.89,1711.84
Belize,BLZ,2016,5.26,94.74,0,105.26,1699.95
Belize,BLZ,2017,5.0,95.0,0,100.0,1688.04
Belize,BLZ,2018,7.32,92.68,0,146.34,1683.18
Belize,BLZ,2019,13.46,86.54,1.92,173.08,2332.61
Belize,BLZ,2020,11.36,88.64,2.27,159.09,1816.7
Belize,BLZ,2021,13.89,86.11,2.78,166.67,1618.8
Belize,BLZ,2022,12.77,87.23,2.13,170.21,1862.24
Belize,BLZ,2023,11.11,88.89,2.22,155.56,1775.67
Belize,BLZ,2024,12.77,87.23,2.13,170.21,2037.99
Benin,BEN,2000,100.0,0.0,0,625.0,62.31
Benin,BEN,2001,100.0,0.0,0,666.67,69.84
Benin,BEN,2002,100.0,0.0,0,666.67,76.87
Benin,BEN,2003,100.0,0.0,0,625.0,74.56
Benin,BEN,2004,100.0,0.0,0,625.0,80.89
Benin,BEN,2005,100.0,0.0,0,636.36,84.26
Benin,BEN,2006,100.0,0.0,0,666.67,85.12
Benin,BEN,2007,100.0,0.0,0,636.36,89.35
Benin,BEN,2008,100.0,0.0,0,652.17,96.44
Benin,BEN,2009,100.0,0.0,0,692.31,105.16
Benin,BEN,2010,100.0,0.0,0,636.36,107.17
Benin,BEN,2011,100.0,0.0,0,700.0,108.98
Benin,BEN,2012,100.0,0.0,0,600.0,107.72
Benin,BEN,2013,100.0,0.0,0,615.39,113.92
Benin,BEN,2014,100.0,0.0,0,647.06,127.83
Benin,BEN,2015,100.0,0.0,0,625.0,120.59
Benin,BEN,2016,100.0,0.0,0,666.67,116.26
Benin,BEN,2017,100.0,0.0,0,625.0,118.77
Benin,BEN,2018,100.0,0.0,0,631.58,119.52
Benin,BEN,2019,98.15,1.85,1.85,611.11,128.08
Benin,BEN,2020,98.99,1.01,1.01,595.96,124.71
Benin,BEN,2021,98.23,1.77,1.77,584.07,135.69
Benin,BEN,2022,97.98,2.02,2.02,595.96,132.27
Benin,BEN,2023,97.0,3.0,3.0,590.0,162.28
Benin,BEN,2024,96.04,3.96,3.96,584.16,159.72
Bermuda,BMU,2000,98.33,1.67,0,650.0,9745.16
Bermuda,BMU,2001,98.36,1.64,0,639.34,9856.67
Bermuda,BMU,2002,98.44,1.56,0,640.63,10295.51
Bermuda,BMU,2003,98.48,1.51,0,651.52,10576.08
Bermuda,BMU,2004,98.48,1.51,0,651.52,10547.17
Bermuda,BMU,2005,98.55,1.45,0,652.17,10999.52
Bermuda,BMU,2006,98.59,1.41,0,647.89,11295.84
Bermuda,BMU,2007,98.63,1.37,0,643.84,11581.79
Bermuda,BMU,2008,98.61,1.39,0,652.78,11371.0
Bermuda,BMU,2009,98.65,1.35,0,648.65,11637.6
Bermuda,BMU,2010,98.65,1.35,0,648.65,11608.21
Bermuda,BMU,2011,98.63,1.37,0,643.84,11450.44
Bermuda,BMU,2012,98.57,1.43,0,642.86,10995.05
Bermuda,BMU,2013,98.53,1.47,0,647.06,10693.0
Bermuda,BMU,2014,98.48,1.51,0,651.52,10385.36
Bermuda,BMU,2015,98.51,1.49,0,641.79,10554.17
Bermuda,BMU,2016,98.48,1.51,0,651.52,10399.27
Bermuda,BMU,2017,98.51,1.49,0,641.79,10534.09
Bermuda,BMU,2018,98.44,1.56,0,640.63,10023.18
Bermuda,BMU,2019,98.36,1.64,0,639.34,9511.93
Bermuda,BMU,2020,98.31,1.7,0,644.07,9160.92
Bermuda,BMU,2021,98.31,1.7,0,644.07,9122.96
Bermuda,BMU,2022,98.41,1.59,0,650.79,9726.42
Bermuda,BMU,2023,98.44,1.56,0,640.63,9888.6
Bermuda,BMU,2024,98.36,1.64,0,639.34,9433.96
Bhutan,BTN,2000,0.0,100.0,0,22.35,686.92
Bhutan,BTN,2001,0.0,100.0,0,26.04,884.09
Bhutan,BTN,2002,0.0,100.0,0,22.94,1024.96
Bhutan,BTN,2003,0.0,100.0,0,24.0,1050.7
Bhutan,BTN,2004,0.0,100.0,0,25.75,1122.11
Bhutan,BTN,2005,0.0,100.0,0,22.9,1389.99
Bhutan,BTN,2006,0.0,100.0,0,24.61,2951.69
Bhutan,BTN,2007,0.0,100.0,0,23.11,1679.82
Bhutan,BTN,2008,0.0,100.0,0,23.22,1427.82
Bhutan,BTN,2009,0.0,100.0,0,23.09,2291.09
Bhutan,BTN,2010,0.0,100.0,0,23.42,2579.68
Bhutan,BTN,2011,0.0,100.0,0,24.39,2452.82
Bhutan,BTN,2012,0.0,100.0,0,23.74,2648.87
Bhutan,BTN,2013,0.0,100.0,0,23.9,2867.85
Bhutan,BTN,2014,0.0,100.0,0,23.78,2946.19
Bhutan,BTN,2015,0.0,100.0,0,23.29,2875.96
Bhutan,BTN,2016,0.0,100.0,0,24.11,2941.66
Bhutan,BTN,2017,0.0,100.0,0,23.53,2704.34
Bhutan,BTN,2018,0.0,100.0,0,23.22,3211.51
Bhutan,BTN,2019,0.0,100.0,0,24.28,3399.45
Bhutan,BTN,2020,0.0,100.0,0,23.75,8038.82
Bhutan,BTN,2021,0.0,100.0,0,24.03,15023.53
Bhutan,BTN,2022,0.0,100.0,0,24.14,14854.26
Bhutan,BTN,2023,0.0,100.0,0,24.19,15246.97
Bhutan,BTN,2024,0.0,100.0,0,23.64,15741.67
Bolivia,BOL,2000,48.45,51.55,0,368.56,453.15
Bolivia,BOL,2001,45.45,54.55,0,345.96,453.57
Bolivia,BOL,2002,46.39,53.61,0,350.96,468.52
Bolivia,BOL,2003,53.35,46.65,0,404.16,479.52
Bolivia,BOL,2004,51.66,48.34,0,390.73,492.16
Bolivia,BOL,2005,59.1,40.9,0,443.76,522.39
Bolivia,BOL,2006,56.4,43.6,0,424.0,525.12
Bolivia,BOL,2007,56.8,43.2,0,424.63,561.64
Bolivia,BOL,2008,60.3,39.7,0,451.01,600.96
Bolivia,BOL,2009,62.16,37.84,0,465.38,619.99
Bolivia,BOL,2010,66.32,33.68,0,494.74,653.09
Bolivia,BOL,2011,66.01,33.99,0,493.65,685.1
Bolivia,BOL,2012,67.48,32.52,0,504.72,704.65
Bolivia,BOL,2013,66.2,33.8,0,495.52,731.1
Bolivia,BOL,2014,71.33,28.68,0.24,530.12,765.05
Bolivia,BOL,2015,70.56,29.44,0.11,526.67,817.09
Bolivia,BOL,2016,79.25,20.75,0.54,588.17,831.84
Bolivia,BOL,2017,74.87,25.13,0.73,554.75,845.34
Bolivia,BOL,2018,70.42,29.58,1.89,523.9,872.41
Bolivia,BOL,2019,63.84,36.16,2.51,478.3,888.5
Bolivia,BOL,2020,64.36,35.64,3.8,483.93,869.14
Bolivia,BOL,2021,61.55,38.45,4.42,467.34,910.59
Bolivia,BOL,2022,64.27,35.73,6.77,485.86,966.29
Bolivia,BOL,2023,66.69,33.31,6.29,501.2,1024.98
Bolivia,BOL,2024,66.0,34.0,6.5,495.2,1089.96
Bosnia and Herzegovina,BIH,2000,51.2,48.8,0,517.74,2507.34
Bosnia and Herzegovina,BIH,2001,51.27,48.73,0,517.4,2543.4
Bosnia and Herzegovina,BIH,2002,51.16,48.84,0,515.29,2576.41
Bosnia and Herzegovina,BIH,2003,60.07,39.93,0,601.6,2697.12
Bosnia and Herzegovina,BIH,2004,53.02,46.98,0,534.17,3074.14
Bosnia and Herzegovina,BIH,2005,52.38,47.62,0,526.98,3075.8
Bosnia and Herzegovina,BIH,2006,56.06,43.94,0,562.83,3270.76
Bosnia and Herzegovina,BIH,2007,66.13,33.87,0,659.59,2935.15
Bosnia and Herzegovina,BIH,2008,66.8,33.2,0,671.44,3716.23
Bosnia and Herzegovina,BIH,2009,59.69,40.31,0,600.78,3989.9
Bosnia and Herzegovina,BIH,2010,52.57,47.43,0,531.01,4441.84
Bosnia and Herzegovina,BIH,2011,70.87,29.13,0,708.69,4027.47
Bosnia and Herzegovina,BIH,2012,69.95,30.05,0,700.22,3762.83
Bosnia and Herzegovina,BIH,2013,58.03,41.97,0,584.93,4777.26
Bosnia and Herzegovina,BIH,2014,65.12,34.88,0.06,653.55,4777.23
Bosnia and Herzegovina,BIH,2015,66.22,33.78,0.06,664.03,4669.55
Bosnia and Herzegovina,BIH,2016,68.32,31.68,0.11,685.49,5099.34
Bosnia and Herzegovina,BIH,2017,76.48,23.52,0.12,766.01,4736.51
Bosnia and Herzegovina,BIH,2018,65.65,34.35,0.63,660.72,5630.35
Bosnia and Herzegovina,BIH,2019,63.32,36.68,1.61,637.2,5206.94
Bosnia and Herzegovina,BIH,2020,70.82,29.18,1.85,711.14,5088.88
Bosnia and Herzegovina,BIH,2021,61.0,39.0,2.44,615.97,5673.5
Bosnia and Herzegovina,BIH,2022,67.95,32.05,3.06,683.18,5101.72
Bosnia and Herzegovina,BIH,2023,56.93,43.07,3.55,576.25,5393.91
Bosnia and Herzegovina,BIH,2024,59.65,40.35,4.91,601.03,4895.31
Botswana,BWA,2000,100.0,0.0,0,850.88,1257.91
Botswana,BWA,2001,100.0,0.0,0,849.56,1314.05
Botswana,BWA,2002,100.0,0.0,0,852.17,1369.81
Botswana,BWA,2003,100.0,0.0,0,855.77,1492.33
Botswana,BWA,2004,100.0,0.0,0,845.36,1593.67
Botswana,BWA,2005,100.0,0.0,0,858.49,1608.8
Botswana,BWA,2006,100.0,0.0,0,858.59,1621.74
Botswana,BWA,2007,100.0,0.0,0,855.42,1684.81
Botswana,BWA,2008,100.0,0.0,0,857.14,1687.2
Botswana,BWA,2009,100.0,0.0,0,854.84,1692.9
Botswana,BWA,2010,100.0,0.0,0,849.06,1726.42
Botswana,BWA,2011,100.0,0.0,0,854.17,1745.81
Botswana,BWA,2012,100.0,0.0,0,800.0,1716.77
Botswana,BWA,2013,100.0,0.0,0,826.09,1747.1
Botswana,BWA,2014,100.0,0.0,0,852.81,1836.97
Botswana,BWA,2015,100.0,0.0,0,848.49,2015.18
Botswana,BWA,2016,100.0,0.0,0,858.74,1950.97
Botswana,BWA,2017,100.0,0.0,0,857.62,1870.52
Botswana,BWA,2018,99.68,0.32,0.32,855.31,1661.48
Botswana,BWA,2019,99.6,0.4,0.4,852.59,1509.38
Botswana,BWA,2020,99.54,0.46,0.46,848.62,1787.91
Botswana,BWA,2021,99.6,0.4,0.4,847.39,1728.12
Botswana,BWA,2022,99.61,0.39,0.39,847.66,1786.96
Botswana,BWA,2023,99.69,0.31,0.31,854.49,1911.1
Botswana,BWA,2024,99.71,0.29,0.29,851.31,1852.33
Brazil,BRA,2000,8.78,91.22,0,89.45,2252.18
Brazil,BRA,2001,11.37,88.64,0.01,105.74,2078.26
Brazil,BRA,2002,10.26,89.74,0.02,97.3,2141.58
Brazil,BRA,2003,9.17,90.83,0.02,90.67,2228.84
Brazil,BRA,2004,10.97,89.03,0.01,101.78,2325.82
Brazil,BRA,2005,10.43,89.57,0.02,98.89,2393.82
Brazil,BRA,2006,9.97,90.03,0.06,95.96,2467.73
Brazil,BRA,2007,9.0,91.0,0.15,90.91,2566.82
Brazil,BRA,2008,12.67,87.33,0.26,113.63,2654.82
Brazil,BRA,2009,8.17,91.83,0.27,87.37,2635.1
Brazil,BRA,2010,12.38,87.62,0.42,114.15,2841.74
Brazil,BRA,2011,9.86,90.14,0.51,99.76,2906.78
Brazil,BRA,2012,14.53,85.47,0.91,128.34,3010.83
Brazil,BRA,2013,20.47,79.53,1.15,167.84,3079.23
Brazil,BRA,2014,24.12,75.88,2.07,192.94,3120.32
Brazil,BRA,2015,23.26,76.74,3.73,188.64,3052.63
Brazil,BRA,2016,16.79,83.21,5.8,149.65,3049.33
Brazil,BRA,2017,18.08,81.92,7.33,155.88,3056.47
Brazil,BRA,2018,15.04,84.96,8.64,136.95,3087.57
Brazil,BRA,2019,16.07,83.93,9.89,141.93,3173.16
Brazil,BRA,2020,14.6,85.4,10.78,133.36,3131.78
Brazil,BRA,2021,20.39,79.61,13.56,168.07,3242.66
Brazil,BRA,2022,10.15,89.85,16.5,103.39,3281.26
Brazil,BRA,2023,8.96,91.04,20.68,96.26,3425.35
Brazil,BRA,2024,10.55,89.45,24.11,106.06,3572.24
British Virgin Islands,VGB,2000,100.0,0.0,0,636.36,5427.81
British Virgin Islands,VGB,2001,100.0,0.0,0,666.67,5762.31
British Virgin Islands,VGB,2002,100.0,0.0,0,642.86,6525.59
British Virgin Islands,VGB,2003,100.0,0.0,0,642.86,6319.11
British Virgin Islands,VGB,2004,100.0,0.0,0,666.67,6548.79
British Virgin Islands,VGB,2005,100.0,0.0,0,687.5,6753.05
British Virgin Islands,VGB,2006,100.0,0.0,0,647.06,6933.4
British Virgin Islands,VGB,2007,100.0,0.0,0,666.67,7089.13
British Virgin Islands,VGB,2008,100.0,0.0,0,666.67,6842.02
British Virgin Islands,VGB,2009,100.0,0.0,0,684.21,6975.04
British Virgin Islands,VGB,2010,100.0,0.0,0,650.0,7220.74
British Virgin Islands,VGB,2011,100.0,0.0,0,684.21,6612.6
British Virgin Islands,VGB,2012,100.0,0.0,0,650.0,6585.66
British Virgin Islands,VGB,2013,100.0,0.0,0,650.0,6303.78
British Virgin Islands,VGB,2014,100.0,0.0,0,650.0,6062.81
British Virgin Islands,VGB,2015,100.0,0.0,0,666.67,6082.9
British Virgin Islands,VGB,2016,100.0,0.0,0,636.36,6488.91
British Virgin Islands,VGB,2017,100.0,0.0,0,647.06,5194.96
British Virgin Islands,VGB,2018,100.0,0.0,0,687.5,4613.34
British Virgin Islands,VGB,2019,100.0,0.0,0,687.5,4392.83
British Virgin Islands,VGB,2020,100.0,0.0,0,687.5,4305.59
British Virgin Islands,VGB,2021,100.0,0.0,0,647.06,4493.43
British Virgin Islands,VGB,2022,100.0,0.0,0,647.06,4433.32
British Virgin Islands,VGB,2023,100.0,0.0,0,647.06,4357.97
Brunei,BRN,2000,100.0,0.0,0,901.58,7781.17
Brunei,BRN,2001,100.0,0.0,0,903.1,7739.54
Brunei,BRN,2002,100.0,0.0,0,904.06,7968.06
Brunei,BRN,2003,100.0,0.0,0,903.13,9231.21
Brunei,BRN,2004,100.0,0.0,0,901.84,9237.19
Brunei,BRN,2005,100.0,0.0,0,901.84,9082.55
Brunei,BRN,2006,100.0,0.0,0,903.03,9049.28
Brunei,BRN,2007,100.0,0.0,0,902.66,9140.35
Brunei,BRN,2008,100.0,0.0,0,903.51,9052.41
Brunei,BRN,2009,100.0,0.0,0,903.32,9403.45
Brunei,BRN,2010,100.0,0.0,0,902.38,9659.99
Brunei,BRN,2011,100.0,0.0,0,903.49,9339.12
Brunei,BRN,2012,100.0,0.0,0,903.31,9690.21
Brunei,BRN,2013,100.0,0.0,0,904.55,10700.26
Brunei,BRN,2014,100.0,0.0,0,904.44,10797.66
Brunei,BRN,2015,100.0,0.0,0,902.38,9947.35
Brunei,BRN,2016,100.0,0.0,0,901.64,9986.65
Brunei,BRN,2017,100.0,0.0,0,901.44,9612.12
Brunei,BRN,2018,100.0,0.0,0,902.33,9821.59
Brunei,BRN,2019,100.0,0.0,0,896.55,11136.46
Brunei,BRN,2020,100.0,0.0,0,895.47,12829.37
Brunei,BRN,2021,100.0,0.0,0,894.74,12618.38
Brunei,BRN,2022,100.0,0.0,0,892.86,12297.58
Brunei,BRN,2023,100.0,0.0,0,894.64,12201.52
Brunei,BRN,2024,99.82,0.18,0.18,892.09,12015.54
Bulgaria,BGR,2000,48.73,51.27,0,458.24,4495.96
Bulgaria,BGR,2001,51.2,48.8,0,484.35,4604.93
Bulgaria,BGR,2002,46.91,53.09,0,444.63,4551.03
Bulgaria,BGR,2003,52.06,47.94,0,492.9,4714.0
Bulgaria,BGR,2004,51.74,48.26,0,493.71,4578.4
Bulgaria,BGR,2005,47.71,52.29,0,453.86,4718.62
Bulgaria,BGR,2006,47.8,52.2,0.04,451.81,4934.37
Bulgaria,BGR,2007,59.09,40.91,0.12,558.62,5054.77
Bulgaria,BGR,2008,57.97,42.03,0.27,550.91,5195.35
Bulgaria,BGR,2009,55.23,44.77,0.57,528.48,4973.28
Bulgaria,BGR,2010,54.26,45.74,1.5,521.01,5039.26
Bulgaria,BGR,2011,59.57,40.43,1.92,577.66,5325.19
Bulgaria,BGR,2012,54.73,45.27,4.3,525.4,5213.87
Bulgaria,BGR,2013,51.0,49.0,6.42,487.45,5071.16
Bulgaria,BGR,2014,50.43,49.57,5.52,487.0,5185.89
Bulgaria,BGR,2015,50.46,49.54,5.81,494.56,5312.42
Bulgaria,BGR,2016,48.75,51.25,6.31,472.04,5353.96
Bulgaria,BGR,2017,51.65,48.35,6.47,502.9,5562.75
Bulgaria,BGR,2018,45.15,54.85,5.72,442.7,5509.1
Bulgaria,BGR,2019,44.99,55.01,6.27,438.7,5434.76
Bulgaria,BGR,2020,39.96,60.04,7.35,383.91,5297.35
Bulgaria,BGR,2021,43.24,56.76,6.14,415.29,5589.47
Bulgaria,BGR,2022,48.11,51.89,7.14,476.33,5580.25
Bulgaria,BGR,2023,34.61,65.39,12.72,338.32,5407.75
Bulgaria,BGR,2024,28.88,71.12,18.15,278.85,5521.12
Burkina Faso,BFA,2000,74.36,25.64,0,487.18,32.7
Burkina Faso,BFA,2001,86.11,13.89,0,555.56,34.97
Burkina Faso,BFA,2002,83.33,16.67,0,555.56,37.06
Burkina Faso,BFA,2003,77.78,22.22,0,511.11,39.75
Burkina Faso,BFA,2004,78.72,21.28,0,510.64,42.22
Burkina Faso,BFA,2005,80.77,19.23,0,538.46,46.66
Burkina Faso,BFA,2006,85.45,14.54,0,563.64,48.0
Burkina Faso,BFA,2007,81.97,18.03,0,540.98,49.27
Burkina Faso,BFA,2008,78.69,21.31,0,524.59,49.15
Burkina Faso,BFA,2009,81.43,18.57,0,542.86,53.47
Burkina Faso,BFA,2010,77.59,22.41,1.72,517.24,66.76
Burkina Faso,BFA,2011,83.33,16.67,1.85,555.56,63.02
Burkina Faso,BFA,2012,82.81,17.19,1.56,546.88,68.13
Burkina Faso,BFA,2013,84.0,16.0,1.33,546.67,72.33
Burkina Faso,BFA,2014,88.64,11.36,1.14,579.55,75.15
Burkina Faso,BFA,2015,90.1,9.9,0.99,594.06,77.22
Burkina Faso,BFA,2016,83.84,16.16,2.02,555.56,83.79
Burkina Faso,BFA,2017,85.71,14.29,2.68,562.5,88.97
Burkina Faso,BFA,2018,85.56,14.44,4.81,566.85,132.59
Burkina Faso,BFA,2019,83.75,16.25,5.62,556.25,127.85
Burkina Faso,BFA,2020,81.13,18.87,5.66,547.17,140.6
Burkina Faso,BFA,2021,81.87,18.13,5.26,549.71,146.85
Burkina Faso,BFA,2022,84.61,15.38,5.33,568.05,141.28
Burkina Faso,BFA,2023,84.02,15.98,5.33,562.13,142.01
Burkina Faso,BFA,2024,82.84,17.16,6.51,562.13,135.46
Burundi,BDI,2000,0.0,100.0,0,0.0,20.09
Burundi,BDI,2001,0.0,100.0,0,0.0,22.61
Burundi,BDI,2002,0.0,100.0,0,0.0,24.91
Burundi,BDI,2003,0.0,100.0,0,0.0,21.3
Burundi,BDI,2004,0.0,100.0,0,0.0,20.52
Burundi,BDI,2005,0.0,100.0,0,0.0,21.09
Burundi,BDI,2006,0.0,100.0,0,0.0,21.61
Burundi,BDI,2007,0.0,100.0,0,0.0,24.5
Burundi,BDI,2008,0.0,100.0,0,0.0,22.34
Burundi,BDI,2009,0.0,100.0,0,0.0,23.47
Burundi,BDI,2010,12.5,87.5,0,62.5,27.73
Burundi,BDI,2011,6.67,93.33,0,66.67,25.73
Burundi,BDI,2012,0.0,100.0,0,0.0,24.82
Burundi,BDI,2013,11.77,88.23,0,58.82,25.86
Burundi,BDI,2014,16.67,83.33,0,111.11,25.0
Burundi,BDI,2015,16.67,83.33,0,111.11,25.34
Burundi,BDI,2016,11.11,88.89,5.56,55.56,27.58
Burundi,BDI,2017,25.0,75.0,3.57,178.57,32.16
Burundi,BDI,2018,28.57,71.43,0,228.57,37.94
Burundi,BDI,2019,30.77,69.23,0,230.77,39.98
Burundi,BDI,2020,24.32,75.68,0,189.19,36.46
Burundi,BDI,2021,30.77,69.23,0,230.77,37.79
Burundi,BDI,2022,30.77,69.23,0,230.77,36.78
Burundi,BDI,2023,24.0,76.0,0,180.0,43.83
Burundi,BDI,2024,24.49,75.51,0,183.67,40.58
Cambodia,KHM,2000,93.75,6.25,0,625.0,38.52
Cambodia,KHM,2001,94.23,5.77,0,615.39,41.08
Cambodia,KHM,2002,92.98,7.02,0,614.04,45.12
Cambodia,KHM,2003,93.75,6.25,0,609.38,49.8
Cambodia,KHM,2004,95.95,4.05,0,635.14,57.38
Cambodia,KHM,2005,95.45,4.54,0,625.0,67.71
Cambodia,KHM,2006,95.37,4.63,0,629.63,82.85
Cambodia,KHM,2007,96.27,3.73,0,634.33,104.03
Cambodia,KHM,2008,96.62,3.38,0,641.89,125.24
Cambodia,KHM,2009,95.16,4.84,0,637.1,137.99
Cambodia,KHM,2010,95.88,4.12,0,639.18,173.78
Cambodia,KHM,2011,94.12,5.88,0,627.45,193.58
Cambodia,KHM,2012,62.94,37.06,0,426.57,236.87
Cambodia,KHM,2013,42.13,57.87,0,308.99,267.63
Cambodia,KHM,2014,38.89,61.11,0,326.8,315.65
Cambodia,KHM,2015,51.0,49.0,0,447.66,386.6
Cambodia,KHM,2016,52.37,47.63,0,447.08,445.35
Cambodia,KHM,2017,58.22,41.78,0,503.77,502.07
Cambodia,KHM,2018,41.08,58.92,0.24,361.86,599.1
Cambodia,KHM,2019,51.44,48.56,1.04,440.6,711.72
Cambodia,KHM,2020,44.81,55.19,3.86,385.64,678.01
Cambodia,KHM,2021,41.3,58.7,6.28,356.33,771.75
Cambodia,KHM,2022,34.55,65.45,6.93,300.0,866.19
Cambodia,KHM,2023,57.87,42.13,6.03,491.18,973.95
Cambodia,KHM,2024,64.34,35.66,6.91,538.76,1133.86
Cameroon,CMR,2000,1.16,98.84,0,31.88,231.35
Cameroon,CMR,2001,1.99,98.01,0,37.04,229.27
Cameroon,CMR,2002,3.67,96.33,0,45.87,207.94
Cameroon,CMR,2003,4.38,95.62,0,52.06,225.86
Cameroon,CMR,2004,4.67,95.33,0,54.05,245.03
Cameroon,CMR,2005,5.81,94.19,0,60.61,231.92
Cameroon,CMR,2006,11.27,88.73,0,120.55,288.31
Cameroon,CMR,2007,25.34,74.66,0,199.62,288.64
Cameroon,CMR,2008,24.29,75.71,0,193.26,303.65
Cameroon,CMR,2009,29.44,70.56,0,223.0,300.3
Cameroon,CMR,2010,26.96,73.04,0,206.49,297.94
Cameroon,CMR,2011,25.0,75.0,0,192.18,290.62
Cameroon,CMR,2012,21.36,78.64,0,167.59,314.76
Cameroon,CMR,2013,30.6,69.4,0,239.75,330.8
Cameroon,CMR,2014,35.99,64.01,0.14,281.57,344.52
Cameroon,CMR,2015,45.1,54.9,0.13,336.68,350.56
Cameroon,CMR,2016,38.4,61.6,0.14,299.58,305.28
Cameroon,CMR,2017,36.65,63.35,0.25,288.2,336.12
Cameroon,CMR,2018,41.1,58.9,0.23,324.36,346.28
Cameroon,CMR,2019,38.53,61.47,0.24,305.56,326.59
Cameroon,CMR,2020,39.89,60.11,0.23,320.46,338.03
Cameroon,CMR,2021,37.1,62.9,0.24,298.45,312.46
Cameroon,CMR,2022,35.09,64.91,0.24,280.98,294.94
Cameroon,CMR,2023,26.73,73.27,0.28,224.38,256.58
Cameroon,CMR,2024,26.86,73.14,0.55,225.9,251.34
Canada,CAN,2000,27.42,72.58,0.05,245.69,18386.43
Canada,CAN,2001,28.93,71.07,0.06,255.65,18115.83
Canada,CAN,2002,27.52,72.48,0.07,245.12,18343.72
Canada,CAN,2003,28.5,71.5,0.12,251.64,18297.56
Canada,CAN,2004,26.66,73.33,0.16,235.34,18298.19
Canada,CAN,2005,25.2,74.8,0.26,225.01,18392.32
Canada,CAN,2006,24.13,75.87,0.41,216.51,17989.47
Canada,CAN,2007,25.5,74.5,0.48,227.76,18229.08
Canada,CAN,2008,23.69,76.31,0.6,213.48,18025.9
Canada,CAN,2009,22.81,77.19,1.1,204.33,17153.78
Canada,CAN,2010,24.11,75.89,1.48,214.78,17019.38
Canada,CAN,2011,23.29,76.71,1.69,206.18,17409.41
Canada,CAN,2012,21.83,78.17,1.92,193.39,16888.53
Canada,CAN,2013,20.97,79.03,1.93,186.96,17108.29
Canada,CAN,2014,21.32,78.68,2.29,188.86,17044.27
Canada,CAN,2015,20.87,79.13,4.52,184.37,16727.27
Canada,CAN,2016,20.34,79.66,5.09,180.88,16596.27
Canada,CAN,2017,19.15,80.85,5.2,172.06,16493.75
Canada,CAN,2018,19.32,80.67,5.59,170.86,16436.52
Canada,CAN,2019,19.29,80.71,5.59,169.99,16108.33
Canada,CAN,2020,18.54,81.46,6.07,161.69,15672.52
Canada,CAN,2021,19.16,80.83,6.5,165.37,15735.92
Canada,CAN,2022,18.82,81.18,6.81,160.6,15789.54
Canada,CAN,2023,20.82,79.18,7.63,174.37,15614.35
Canada,CAN,2024,22.31,77.69,8.83,185.35,15710.16
Cape Verde,CPV,2000,93.33,6.67,6.67,600.0,330.88
Cape Verde,CPV,2001,94.12,5.88,5.88,647.06,369.32
Cape Verde,CPV,2002,94.74,5.26,5.26,631.58,406.8
Cape Verde,CPV,2003,100.0,0.0,0,684.21,401.37
Cape Verde,CPV,2004,95.45,4.54,4.54,636.36,458.93
Cape Verde,CPV,2005,95.83,4.17,4.17,625.0,494.71
Cape Verde,CPV,2006,96.0,4.0,4.0,640.0,509.45
Cape Verde,CPV,2007,96.3,3.7,3.7,629.63,544.14
Cape Verde,CPV,2008,96.55,3.45,3.45,620.69,578.42
Cape Verde,CPV,2009,96.77,3.23,3.23,645.16,612.47
Cape Verde,CPV,2010,100.0,0.0,0,647.06,666.94
Cape Verde,CPV,2011,91.89,8.11,8.11,594.6,723.43
Cape Verde,CPV,2012,81.58,18.42,18.42,526.32,742.24
Cape Verde,CPV,2013,78.05,21.95,21.95,512.2,800.42
Cape Verde,CPV,2014,79.07,20.93,20.93,511.63,839.3
Cape Verde,CPV,2015,79.07,20.93,20.93,511.63,839.18
Cape Verde,CPV,2016,80.0,20.0,20.0,533.33,877.95
Cape Verde,CPV,2017,81.39,18.61,18.61,534.88,838.37
Cape Verde,CPV,2018,79.07,20.93,20.93,511.63,837.52
Cape Verde,CPV,2019,81.82,18.18,18.18,545.46,855.84
Cape Verde,CPV,2020,83.33,16.67,16.67,547.62,816.04
Cape Verde,CPV,2021,81.39,18.61,18.61,534.88,832.28
Cape Verde,CPV,2022,72.0,28.0,28.0,480.0,962.0
Cape Verde,CPV,2023,72.0,28.0,28.0,480.0,957.24
Cape Verde,CPV,2024,69.23,30.77,30.77,461.54,990.71
Cayman Islands,CYM,2000,100.0,0.0,0,659.09,11083.4
Cayman Islands,CYM,2001,100.0,0.0,0,659.57,11433.02
Cayman Islands,CYM,2002,100.0,0.0,0,666.67,11285.09
Cayman Islands,CYM,2003,100.0,0.0,0,666.67,11603.57
Cayman Islands,CYM,2004,100.0,0.0,0,666.67,9918.01
Cayman Islands,CYM,2005,100.0,0.0,0,666.67,10254.44
Cayman Islands,CYM,2006,100.0,0.0,0,660.71,11605.74
Cayman Islands,CYM,2007,100.0,0.0,0,650.0,12070.25
Cayman Islands,CYM,2008,100.0,0.0,0,661.29,12115.29
Cayman Islands,CYM,2009,100.0,0.0,0,650.79,11968.31
Cayman Islands,CYM,2010,100.0,0.0,0,661.29,11456.02
Cayman Islands,CYM,2011,100.0,0.0,0,650.79,11324.82
Cayman Islands,CYM,2012,100.0,0.0,0,655.74,10672.73
Cayman Islands,CYM,2013,100.0,0.0,0,661.29,10566.14
Cayman Islands,CYM,2014,100.0,0.0,0,661.29,10302.6
Cayman Islands,CYM,2015,100.0,0.0,0,656.25,10378.66
Cayman Islands,CYM,2016,100.0,0.0,0,656.72,10614.53
Cayman Islands,CYM,2017,98.53,1.47,1.47,647.06,10532.67
Cayman Islands,CYM,2018,98.51,1.49,1.49,641.79,10157.36
Cayman Islands,CYM,2019,97.22,2.78,2.78,638.89,10691.06
Cayman Islands,CYM,2020,97.1,2.9,2.9,637.68,10043.23
Cayman Islands,CYM,2021,97.14,2.86,2.86,642.86,9982.03
Cayman Islands,CYM,2022,97.14,2.86,2.86,642.86,9775.17
Cayman Islands,CYM,2023,97.14,2.86,2.86,642.86,9581.82
Cayman Islands,CYM,2024,95.78,4.22,4.22,633.8,9533.27
Central African Republic,CAF,2000,20.0,80.0,0,100.0,26.09
Central African Republic,CAF,2001,27.27,72.73,0,181.82,28.07
Central African Republic,CAF,2002,27.27,72.73,0,181.82,27.46
Central African Republic,CAF,2003,27.27,72.73,0,181.82,26.81
Central African Republic,CAF,2004,20.0,80.0,0,133.33,35.77
Central African Republic,CAF,2005,18.75,81.25,0,125.0,37.31
Central African Republic,CAF,2006,17.65,82.35,0,117.65,38.83
Central African Republic,CAF,2007,12.5,87.5,0,62.5,35.85
Central African Republic,CAF,2008,12.5,87.5,0,62.5,35.1
Central African Republic,CAF,2009,12.5,87.5,0,62.5,35.33
Central African Republic,CAF,2010,18.75,81.25,0,125.0,35.61
Central African Republic,CAF,2011,16.67,83.33,0,111.11,39.43
Central African Republic,CAF,2012,16.67,83.33,0,111.11,39.04
Central African Republic,CAF,2013,0.0,100.0,0,0.0,30.16
Central African Republic,CAF,2014,0.0,100.0,0,0.0,36.77
Central African Republic,CAF,2015,0.0,100.0,0,0.0,36.72
Central African Republic,CAF,2016,0.0,100.0,0,0.0,36.06
Central African Republic,CAF,2017,0.0,100.0,0,0.0,31.29
Central African Republic,CAF,2018,0.0,100.0,0,0.0,30.75
Central African Republic,CAF,2019,0.0,100.0,0,0.0,30.34
Central African Republic,CAF,2020,0.0,100.0,0,0.0,29.84
Central African Republic,CAF,2021,0.0,100.0,0,0.0,29.34
Central African Republic,CAF,2022,0.0,100.0,0,0.0,27.46
Central African Republic,CAF,2023,0.0,100.0,0,0.0,27.17
Chad,TCD,2000,100.0,0.0,0,666.67,10.57
Chad,TCD,2001,100.0,0.0,0,700.0,11.36
Chad,TCD,2002,100.0,0.0,0,700.0,10.97
Chad,TCD,2003,100.0,0.0,0,636.36,11.59
Chad,TCD,2004,100.0,0.0,0,666.67,12.1
Chad,TCD,2005,100.0,0.0,0,666.67,11.62
Chad,TCD,2006,100.0,0.0,0,666.67,11.21
Chad,TCD,2007,100.0,0.0,0,666.67,10.83
Chad,TCD,2008,100.0,0.0,0,642.86,12.2
Chad,TCD,2009,100.0,0.0,0,647.06,14.29
Chad,TCD,2010,100.0,0.0,0,684.21,15.43
Chad,TCD,2011,100.0,0.0,0,650.0,15.68
Chad,TCD,2012,95.83,4.17,0,625.0,18.17
Chad,TCD,2013,96.43,3.57,0,642.86,20.45
Chad,TCD,2014,96.67,3.33,0,633.33,21.14
Chad,TCD,2015,96.67,3.33,0,633.33,20.48
Chad,TCD,2016,93.55,6.45,3.23,612.9,20.51
Chad,TCD,2017,93.75,6.25,3.12,625.0,20.48
Chad,TCD,2018,94.12,5.88,2.94,617.65,21.04
Chad,TCD,2019,94.29,5.71,2.86,628.57,20.98
Chad,TCD,2020,94.29,5.71,2.86,628.57,20.32
Chad,TCD,2021,95.35,4.65,2.33,627.91,24.12
Chad,TCD,2022,94.87,5.13,2.56,615.39,21.13
Chad,TCD,2023,94.44,5.56,2.78,611.11,18.63
Chad,TCD,2024,94.59,5.41,2.7,621.62,18.23
Chile,CHL,2000,50.17,49.83,0,388.13,2729.04
Chile,CHL,2001,45.96,54.04,0.02,336.48,2786.94
Chile,CHL,2002,44.77,55.23,0.02,330.11,2853.46
Chile,CHL,2003,50.08,49.92,0.02,355.35,3031.56
Chile,CHL,2004,53.33,46.67,0.02,391.77,3267.99
Chile,CHL,2005,46.34,53.66,0.02,347.57,3325.63
Chile,CHL,2006,44.98,55.02,0.02,355.38,3472.61
Chile,CHL,2007,56.06,43.94,0.02,456.93,3593.54
Chile,CHL,2008,54.47,45.53,0.07,454.42,3599.39
Chile,CHL,2009,51.32,48.68,0.13,435.98,3628.51
Chile,CHL,2010,59.8,40.2,0.55,481.66,3562.56
Chile,CHL,2011,60.47,39.53,0.52,493.07,3825.54
Chile,CHL,2012,63.72,36.28,0.59,531.41,3971.09
Chile,CHL,2013,64.31,35.7,0.77,551.76,4118.28
Chile,CHL,2014,57.16,42.84,2.74,493.66,3927.97
Chile,CHL,2015,56.8,43.2,4.47,491.39,4150.68
Chile,CHL,2016,57.11,42.89,6.39,496.39,4315.38
Chile,CHL,2017,56.45,43.55,9.32,487.27,4250.8
Chile,CHL,2018,54.13,45.87,10.64,470.28,4327.49
Chile,CHL,2019,53.79,46.21,13.32,456.54,4374.47
Chile,CHL,2020,51.55,48.45,15.65,436.83,4314.78
Chile,CHL,2021,51.11,48.89,20.63,430.99,4528.09
Chile,CHL,2022,44.67,55.33,27.01,372.8,4656.06
Chile,CHL,2023,36.86,63.14,30.71,303.82,4538.93
Chile,CHL,2024,29.96,70.04,34.55,259.87,4483.73
China,CHN,2000,82.13,17.87,0.04,783.51,1060.86
China,CHN,2001,79.86,20.14,0.05,762.88,1151.3
China,CHN,2002,80.86,19.14,0.05,773.3,1278.77
China,CHN,2003,82.69,17.3,0.06,790.92,1470.22
China,CHN,2004,81.49,18.51,0.06,778.5,1687.45
China,CHN,2005,81.7,18.3,0.08,782.08,1903.84
China,CHN,2006,82.5,17.5,0.13,786.64,2168.99
China,CHN,2007,82.85,17.15,0.17,785.24,2467.34
China,CHN,2008,79.02,20.98,0.38,747.06,2611.26
China,CHN,2009,80.23,19.77,0.75,753.13,2758.43
China,CHN,2010,79.53,20.47,1.19,740.75,3102.82
China,CHN,2011,81.34,18.66,1.63,752.36,3455.45
China,CHN,2012,77.99,22.01,2.14,720.28,3633.94
China,CHN,2013,77.82,22.18,2.7,717.51,3930.65
China,CHN,2014,75.45,24.55,3.16,693.85,4166.6
China,CHN,2015,73.08,26.92,3.87,667.85,4155.86
China,CHN,2016,71.69,28.3,5.01,651.76,4359.12
China,CHN,2017,71.0,29.0,6.4,644.21,4666.95
China,CHN,2018,70.27,29.73,7.57,636.89,5039.38
China,CHN,2019,68.5,31.5,8.39,619.63,5259.24
China,CHN,2020,67.2,32.8,9.35,606.29,5442.81
China,CHN,2021,66.53,33.47,11.52,599.05,5972.94
China,CHN,2022,65.1,34.9,13.45,586.75,6199.75
China,CHN,2023,64.8,35.2,15.54,583.04,6635.36
China,CHN,2024,61.84,38.16,18.2,555.4,7094.86
Colombia,COL,2000,24.64,75.36,0.02,189.21,1096.19
Colombia,COL,2001,25.85,74.15,0.02,197.73,1082.12
Colombia,COL,2002,23.66,76.34,0.02,183.4,1093.62
Colombia,COL,2003,21.39,78.61,0.02,172.08,1101.44
Colombia,COL,2004,18.49,81.51,0.12,148.39,1148.2
Colombia,COL,2005,19.98,80.02,0.12,159.99,1144.11
Colombia,COL,2006,19.55,80.45,0.13,158.98,1207.51
Colombia,COL,2007,18.62,81.38,0.11,155.14,1247.82
Colombia,COL,2008,16.11,83.89,0.11,137.53,1235.87
Colombia,COL,2009,27.31,72.69,0.12,211.63,1257.92
Colombia,COL,2010,29.49,70.51,0.08,229.45,1327.46
Colombia,COL,2011,18.25,81.75,0.08,151.38,1329.44
Colombia,COL,2012,22.11,77.89,0.1,179.04,1363.86
Colombia,COL,2013,30.79,69.22,0.1,236.02,1563.54
Colombia,COL,2014,30.91,69.09,0.11,236.73,1495.96
Colombia,COL,2015,36.66,63.34,0.1,275.36,1651.27
Colombia,COL,2016,34.38,65.62,0.08,259.55,1612.65
Colombia,COL,2017,20.9,79.1,0.01,166.18,1631.79
Colombia,COL,2018,23.67,76.33,0.08,187.44,1597.57
Colombia,COL,2019,30.52,69.48,0.24,240.92,1584.72
Colombia,COL,2020,34.67,65.33,0.26,271.25,1556.39
Colombia,COL,2021,24.93,75.07,0.46,195.83,1650.38
Colombia,COL,2022,25.65,74.35,0.84,202.15,1609.84
Colombia,COL,2023,33.01,66.99,1.81,258.37,1654.78
Colombia,COL,2024,38.66,61.34,4.02,298.3,1685.5
Comoros,COM,2000,100.0,0.0,0,666.67,55.96
Comoros,COM,2001,100.0,0.0,0,666.67,54.82
Comoros,COM,2002,100.0,0.0,0,666.67,53.67
Comoros,COM,2003,100.0,0.0,0,750.0,70.2
Comoros,COM,2004,100.0,0.0,0,750.0,68.88
Comoros,COM,2005,100.0,0.0,0,600.0,84.36
Comoros,COM,2006,100.0,0.0,0,600.0,82.68
Comoros,COM,2007,100.0,0.0,0,600.0,81.05
Comoros,COM,2008,100.0,0.0,0,750.0,63.56
Comoros,COM,2009,100.0,0.0,0,600.0,77.89
Comoros,COM,2010,100.0,0.0,0,666.67,91.62
Comoros,COM,2011,100.0,0.0,0,666.67,89.81
Comoros,COM,2012,100.0,0.0,0,666.67,88.02
Comoros,COM,2013,100.0,0.0,0,666.67,86.18
Comoros,COM,2014,100.0,0.0,0,600.0,70.27
Comoros,COM,2015,100.0,0.0,0,600.0,68.81
Comoros,COM,2016,100.0,0.0,0,666.67,80.89
Comoros,COM,2017,100.0,0.0,0,666.67,118.94
Comoros,COM,2018,100.0,0.0,0,700.0,129.6
Comoros,COM,2019,100.0,0.0,0,636.36,139.85
Comoros,COM,2020,100.0,0.0,0,692.31,162.06
Comoros,COM,2021,100.0,0.0,0,692.31,158.89
Comoros,COM,2022,100.0,0.0,0,642.86,167.83
Comoros,COM,2023,100.0,0.0,0,642.86,164.63
Congo,COG,2000,0.0,100.0,0,34.48,174.53
Congo,COG,2001,0.0,100.0,0,30.3,192.51
Congo,COG,2002,0.0,100.0,0,25.64,223.83
Congo,COG,2003,15.0,85.0,0,150.0,220.56
Congo,COG,2004,17.5,82.5,0,175.0,224.37
Congo,COG,2005,18.61,81.39,0,186.05,229.95
Congo,COG,2006,17.78,82.22,0,177.78,224.11
Congo,COG,2007,17.5,82.5,0,175.0,213.54
Congo,COG,2008,19.57,80.44,0,195.65,218.79
Congo,COG,2009,38.89,61.11,0,351.85,228.91
Congo,COG,2010,43.21,56.79,0,419.75,244.27
Congo,COG,2011,38.17,61.83,0,374.05,290.69
Congo,COG,2012,41.28,58.72,0,395.35,369.16
Congo,COG,2013,42.77,57.23,0,410.41,364.42
Congo,COG,2014,44.89,55.11,0,426.14,353.71
Congo,COG,2015,59.86,40.14,0,541.22,543.39
Congo,COG,2016,61.28,38.72,0,558.92,568.69
Congo,COG,2017,59.06,40.94,0,543.62,556.9
Congo,COG,2018,64.94,35.06,0,594.16,561.72
Congo,COG,2019,72.24,27.76,0,655.53,689.02
Congo,COG,2020,73.07,26.93,0,663.34,697.05
Congo,COG,2021,73.72,26.28,0,669.1,697.53
Congo,COG,2022,78.18,21.82,0,707.07,820.2
Congo,COG,2023,76.49,23.51,0.19,692.16,858.82
Congo,COG,2024,79.12,20.88,0.18,716.12,849.52
Cook Islands,COK,2000,100.0,0.0,0,666.67,1889.64
Cook Islands,COK,2001,100.0,0.0,0,666.67,1966.05
Cook Islands,COK,2002,100.0,0.0,0,666.67,2000.8
Cook Islands,COK,2003,100.0,0.0,0,666.67,1993.49
Cook Islands,COK,2004,100.0,0.0,0,666.67,1986.36
Cook Islands,COK,2005,100.0,0.0,0,666.67,1979.81
Cook Islands,COK,2006,100.0,0.0,0,666.67,1969.41
Cook Islands,COK,2007,100.0,0.0,0,666.67,1933.11
Cook Islands,COK,2008,100.0,0.0,0,666.67,1874.65
Cook Islands,COK,2009,100.0,0.0,0,666.67,1818.51
Cook Islands,COK,2010,100.0,0.0,0,666.67,1764.71
Cook Islands,COK,2011,100.0,0.0,0,666.67,1716.25
Cook Islands,COK,2012,100.0,0.0,0,666.67,1695.87
Cook Islands,COK,2013,100.0,0.0,0,666.67,1701.74
Cook Islands,COK,2014,100.0,0.0,0,666.67,1708.82
Cook Islands,COK,2015,100.0,0.0,0,666.67,1717.13
Cook Islands,COK,2016,100.0,0.0,0,666.67,1728.11
Cook Islands,COK,2017,75.0,25.0,25.0,500.0,2343.84
Cook Islands,COK,2018,60.0,40.0,40.0,400.0,3007.88
Cook Islands,COK,2019,75.0,25.0,25.0,500.0,2476.63
Cook Islands,COK,2020,75.0,25.0,25.0,500.0,2553.63
Cook Islands,COK,2021,50.0,50.0,50.0,250.0,2630.71
Cook Islands,COK,2022,50.0,50.0,50.0,250.0,2712.42
Cook Islands,COK,2023,50.0,50.0,50.0,250.0,2808.2
Cook Islands,COK,2024,50.0,50.0,50.0,250.0,2909.09
Costa Rica,CRI,2000,0.88,99.12,2.62,30.61,1622.76
Costa Rica,CRI,2001,1.45,98.55,2.75,34.78,1658.79
Costa Rica,CRI,2002,1.62,98.38,3.5,36.39,1717.49
Costa Rica,CRI,2003,2.19,97.81,4.25,39.73,1744.47
Costa Rica,CRI,2004,0.88,99.12,3.26,31.33,1842.82
Costa Rica,CRI,2005,3.3,96.7,2.44,47.62,1924.32
Costa Rica,CRI,2006,6.15,93.85,3.13,67.29,2015.58
Costa Rica,CRI,2007,8.02,91.98,2.67,77.95,2086.64
Costa Rica,CRI,2008,7.23,92.77,2.13,72.34,2101.32
Costa Rica,CRI,2009,4.87,95.13,3.57,58.44,2057.88
Costa Rica,CRI,2010,6.73,93.27,3.79,69.4,2093.96
Costa Rica,CRI,2011,8.82,91.18,4.21,84.1,2106.37
Costa Rica,CRI,2012,8.21,91.79,5.34,80.12,2171.99
Costa Rica,CRI,2013,11.78,88.22,5.0,103.04,2171.26
Costa Rica,CRI,2014,10.23,89.77,7.47,93.41,2175.32
Costa Rica,CRI,2015,1.02,98.98,10.31,33.43,2212.52
Costa Rica,CRI,2016,1.75,98.25,10.87,38.67,2268.34
Costa Rica,CRI,2017,0.35,99.64,11.79,28.37,2255.16
Costa Rica,CRI,2018,1.4,98.6,16.26,34.97,2259.06
Costa Rica,CRI,2019,0.88,99.12,16.38,31.52,2288.21
Costa Rica,CRI,2020,0.17,99.83,13.05,27.3,2226.72
Costa Rica,CRI,2021,0.0,100.0,12.96,25.92,2318.19
Costa Rica,CRI,2022,0.0,100.0,11.66,24.12,2306.29
Costa Rica,CRI,2023,0.09,99.92,13.48,24.74,2364.11
Costa Rica,CRI,2024,0.09,99.91,12.09,25.46,2187.17
Cote d'Ivoire,CIV,2000,63.54,36.46,0,364.58,201.14
Cote d'Ivoire,CIV,2001,63.52,36.48,0,362.71,204.63
Cote d'Ivoire,CIV,2002,67.67,32.33,0,385.63,199.41
Cote d'Ivoire,CIV,2003,64.37,35.63,0,368.11,196.07
Cote d'Ivoire,CIV,2004,66.55,33.45,0,383.64,208.73
Cote d'Ivoire,CIV,2005,73.02,26.98,0,416.23,212.77
Cote d'Ivoire,CIV,2006,71.63,28.37,0,409.57,222.42
Cote d'Ivoire,CIV,2007,66.19,33.81,0,380.78,230.62
Cote d'Ivoire,CIV,2008,65.46,34.54,0,378.24,241.23
Cote d'Ivoire,CIV,2009,62.73,37.27,0,362.39,244.11
Cote d'Ivoire,CIV,2010,71.93,28.07,0,413.45,249.02
Cote d'Ivoire,CIV,2011,70.07,29.93,0,399.67,238.88
Cote d'Ivoire,CIV,2012,73.71,26.29,0,425.71,273.15
Cote d'Ivoire,CIV,2013,78.24,21.76,0,446.92,284.46
Cote d'Ivoire,CIV,2014,76.3,23.7,0,440.15,301.3
Cote d'Ivoire,CIV,2015,83.45,16.55,0,475.86,310.94
Cote d'Ivoire,CIV,2016,83.58,16.42,0,475.07,347.06
Cote d'Ivoire,CIV,2017,78.75,21.25,0.1,446.64,308.98
Cote d'Ivoire,CIV,2018,70.12,29.88,0.1,399.4,327.34
Cote d'Ivoire,CIV,2019,66.89,33.11,0.09,382.74,339.45
Cote d'Ivoire,CIV,2020,69.45,30.55,0.18,396.09,350.68
Cote d'Ivoire,CIV,2021,76.12,23.88,0.18,431.72,364.38
Cote d'Ivoire,CIV,2022,72.64,27.36,0.16,413.16,389.87
Cote d'Ivoire,CIV,2023,69.85,30.15,0.18,398.91,329.53
Cote d'Ivoire,CIV,2024,71.08,28.92,0.18,405.01,315.02
Croatia,HRV,2000,42.46,57.54,0,302.41,3381.8
Croatia,HRV,2001,43.69,56.31,0,306.67,3550.27
Croatia,HRV,2002,53.9,46.1,0,370.37,3653.23
Croatia,HRV,2003,58.51,41.49,0,414.13,3824.29
Croatia,HRV,2004,44.99,55.01,0,315.07,3914.11
Croatia,HRV,2005,45.9,54.1,0.08,336.4,4047.34
Croatia,HRV,2006,48.49,51.51,0.15,347.02,4149.87
Croatia,HRV,2007,62.2,37.8,0.24,420.26,4272.52
Croatia,HRV,2008,54.3,45.7,0.31,382.63,4354.95
Croatia,HRV,2009,43.97,56.03,0.38,301.87,4257.01
Croatia,HRV,2010,37.12,62.88,0.95,268.43,4361.62
Croatia,HRV,2011,52.98,47.02,1.78,374.89,4293.56
Croatia,HRV,2012,50.24,49.76,3.12,351.94,4226.11
Croatia,HRV,2013,33.43,66.57,3.8,256.1,4198.09
Croatia,HRV,2014,25.99,74.01,5.73,226.36,4118.99
Croatia,HRV,2015,33.1,66.9,7.65,274.91,4309.55
Croatia,HRV,2016,33.65,66.35,8.57,275.4,4383.0
Croatia,HRV,2017,39.51,60.49,10.88,255.74,4589.14
Croatia,HRV,2018,27.66,72.34,10.43,201.18,4698.29
Croatia,HRV,2019,33.99,66.01,12.25,242.69,4711.09
Croatia,HRV,2020,35.37,64.63,13.76,226.76,4519.52
Croatia,HRV,2021,30.31,69.69,14.63,210.46,4859.09
Croatia,HRV,2022,36.52,63.48,16.24,244.68,4809.28
Croatia,HRV,2023,29.87,70.13,17.2,194.95,4881.9
Croatia,HRV,2024,26.55,73.45,22.89,170.7,5070.54
Cuba,CUB,2000,93.15,6.85,0,630.74,1352.94
Cuba,CUB,2001,93.46,6.54,0,632.03,1372.92
Cuba,CUB,2002,93.37,6.63,0,630.98,1403.72
Cuba,CUB,2003,94.62,5.38,0,637.57,1410.43
Cuba,CUB,2004,94.37,5.63,0,637.47,1391.61
Cuba,CUB,2005,96.81,3.19,0,648.86,1362.92
Cuba,CUB,2006,96.96,3.04,0,650.27,1460.29
Cuba,CUB,2007,96.99,3.01,0,650.2,1560.16
Cuba,CUB,2008,96.04,3.96,0.06,645.93,1565.74
Cuba,CUB,2009,96.11,3.89,0,645.8,1569.76
Cuba,CUB,2010,96.72,3.28,0.06,648.85,1540.17
Cuba,CUB,2011,96.79,3.21,0.11,648.45,1570.58
Cuba,CUB,2012,96.26,3.74,0.16,645.69,1630.52
Cuba,CUB,2013,95.12,4.88,0.67,639.48,1703.82
Cuba,CUB,2014,95.62,4.38,0.57,643.34,1721.64
Cuba,CUB,2015,95.59,4.41,0.74,643.94,1808.41
Cuba,CUB,2016,95.57,4.43,0.78,643.31,1824.13
Cuba,CUB,2017,96.11,3.89,0.49,645.6,1828.8
Cuba,CUB,2018,96.54,3.46,0.67,647.12,1852.66
Cuba,CUB,2019,95.7,4.3,1.11,641.06,1847.74
Cuba,CUB,2020,95.27,4.73,1.26,638.99,1702.7
Cuba,CUB,2021,95.57,4.43,1.35,638.81,1603.11
Cuba,CUB,2022,95.72,4.28,1.73,640.26,1415.03
Cuba,CUB,2023,96.35,3.65,1.37,644.38,1791.3
Cuba,CUB,2024,95.99,4.01,1.6,642.82,1769.62
Cyprus,CYP,2000,100.0,0.0,0,658.75,3556.1
Cyprus,CYP,2001,100.0,0.0,0,659.16,3682.08
Cyprus,CYP,2002,100.0,0.0,0,656.99,3861.66
Cyprus,CYP,2003,100.0,0.0,0,656.79,4051.62
Cyprus,CYP,2004,100.0,0.0,0,657.14,4126.24
Cyprus,CYP,2005,100.0,0.0,0,657.53,4227.16
Cyprus,CYP,2006,100.0,0.0,0,658.07,4409.99
Cyprus,CYP,2007,100.0,0.0,0,657.08,4539.83
Cyprus,CYP,2008,99.8,0.2,0,656.81,4646.99
Cyprus,CYP,2009,99.42,0.58,0,656.43,4696.33
Cyprus,CYP,2010,98.5,1.5,0.75,649.16,4725.91
Cyprus,CYP,2011,96.55,3.46,2.44,638.21,4291.35
Cyprus,CYP,2012,94.49,5.51,4.45,622.88,4050.1
Cyprus,CYP,2013,92.31,7.69,6.53,610.72,3623.62
Cyprus,CYP,2014,92.86,7.14,5.99,612.9,3611.23
Cyprus,CYP,2015,91.19,8.81,7.71,603.52,3722.82
Cyprus,CYP,2016,91.21,8.79,7.77,603.27,3952.75
Cyprus,CYP,2017,91.4,8.6,7.6,606.0,3986.37
Cyprus,CYP,2018,90.51,9.49,8.3,598.81,3981.92
Cyprus,CYP,2019,89.9,10.1,8.93,596.12,4002.58
Cyprus,CYP,2020,87.63,12.37,11.13,581.44,3724.32
Cyprus,CYP,2021,84.77,15.23,14.06,564.45,3886.71
Cyprus,CYP,2022,83.27,16.73,15.59,555.13,3950.8
Cyprus,CYP,2023,79.55,20.45,19.51,532.83,3962.88
Cyprus,CYP,2024,75.99,24.01,22.97,511.23,4262.72
Czechia,CZE,2000,78.23,21.77,0,767.08,6142.54
Czechia,CZE,2001,76.66,23.34,0,751.82,6321.38
Czechia,CZE,2002,71.41,28.59,0,699.34,6309.9
Czechia,CZE,2003,66.49,33.51,0,651.89,6496.3
Czechia,CZE,2004,65.31,34.69,0.01,640.17,6633.56
Czechia,CZE,2005,66.0,34.01,0.02,646.65,6741.14
Czechia,CZE,2006,64.66,35.34,0.06,634.11,6893.04
Czechia,CZE,2007,66.29,33.71,0.15,652.27,6928.15
Czechia,CZE,2008,63.65,36.35,0.3,627.52,6919.25
Czechia,CZE,2009,60.96,39.04,0.46,603.14,6525.3
Czechia,CZE,2010,60.21,39.79,1.13,593.64,6715.38
Czechia,CZE,2011,59.0,41.0,2.98,583.56,6631.41
Czechia,CZE,2012,55.66,44.34,2.97,552.78,6610.62
Czechia,CZE,2013,53.38,46.62,2.92,527.53,6566.35
Czechia,CZE,2014,53.52,46.48,3.06,530.83,6530.24
Czechia,CZE,2015,56.05,43.95,3.43,553.16,6649.3
Czechia,CZE,2016,59.16,40.84,3.21,573.9,6744.24
Czechia,CZE,2017,55.73,44.27,3.25,542.33,6898.55
Czechia,CZE,2018,54.69,45.31,3.42,532.59,6913.49
Czechia,CZE,2019,52.98,47.02,3.52,503.5,6880.23
Czechia,CZE,2020,49.59,50.41,3.73,460.18,6630.25
Czechia,CZE,2021,50.55,49.45,3.41,471.79,6892.24
Czechia,CZE,2022,50.09,49.91,3.91,488.36,6577.21
Czechia,CZE,2023,45.19,54.81,4.74,442.61,6162.97
Czechia,CZE,2024,42.32,57.68,5.85,414.23,6161.6
Democratic Republic of Congo,COD,2000,0.0,100.0,0,23.57,92.46
Democratic Republic of Congo,COD,2001,0.17,99.83,0,25.34,90.73
Democratic Republic of Congo,COD,2002,0.17,99.83,0,24.75,88.37
Democratic Republic of Congo,COD,2003,0.16,99.84,0,24.55,86.37
Democratic Republic of Congo,COD,2004,0.14,99.86,0,25.64,98.78
Democratic Republic of Congo,COD,2005,0.14,99.86,0,24.56,96.47
Democratic Republic of Congo,COD,2006,0.67,99.33,0,28.0,102.12
Democratic Republic of Congo,COD,2007,1.15,98.85,0,30.65,104.04
Democratic Republic of Congo,COD,2008,1.33,98.67,0,31.96,107.47
Democratic Republic of Congo,COD,2009,1.15,98.85,0,30.73,105.85
Democratic Republic of Congo,COD,2010,1.15,98.85,0,30.65,103.26
Democratic Republic of Congo,COD,2011,1.15,98.85,0,30.69,108.54
Democratic Republic of Congo,COD,2012,0.13,99.87,0,25.27,110.57
Democratic Republic of Congo,COD,2013,0.12,99.88,0,24.51,115.32
Democratic Republic of Congo,COD,2014,0.11,99.89,0,25.17,125.12
Democratic Republic of Congo,COD,2015,0.11,99.89,0,24.89,122.17
Democratic Republic of Congo,COD,2016,0.11,99.89,0,24.39,115.89
Democratic Republic of Congo,COD,2017,0.11,99.89,0.11,24.42,116.56
Democratic Republic of Congo,COD,2018,0.1,99.9,0.1,24.86,124.27
Democratic Republic of Congo,COD,2019,0.09,99.92,0.09,24.6,136.74
Democratic Republic of Congo,COD,2020,0.08,99.92,0.16,24.82,141.99
Democratic Republic of Congo,COD,2021,0.0,100.0,7.4,25.37,157.34
Democratic Republic of Congo,COD,2022,0.0,100.0,13.78,26.78,162.5
Democratic Republic of Congo,COD,2023,0.0,100.0,14.07,26.87,161.36
Democratic Republic of Congo,COD,2024,0.0,100.0,15.77,27.64,158.86
Denmark,DNK,2000,84.46,15.54,11.83,627.89,6837.52
Denmark,DNK,2001,84.42,15.58,11.48,630.79,6898.9
Denmark,DNK,2002,82.63,17.37,12.48,618.67,6888.06
Denmark,DNK,2003,82.44,17.55,12.1,651.51,6941.69
Denmark,DNK,2004,76.32,23.68,16.38,581.26,6914.49
Denmark,DNK,2005,72.84,27.16,18.32,552.66,6910.17
Denmark,DNK,2006,79.78,20.22,13.42,635.34,7082.4
Denmark,DNK,2007,73.68,26.32,18.32,597.09,6992.45
Denmark,DNK,2008,72.31,27.69,19.0,577.3,6904.19
Denmark,DNK,2009,72.22,27.78,18.57,582.9,6623.01
Denmark,DNK,2010,67.92,32.08,20.18,540.39,6779.19
Denmark,DNK,2011,59.64,40.36,27.86,486.47,6539.4
Denmark,DNK,2012,51.46,48.54,33.92,431.14,6398.53
Denmark,DNK,2013,53.89,46.11,33.63,472.41,6355.81
Denmark,DNK,2014,43.85,56.15,42.7,400.75,6182.01
Denmark,DNK,2015,34.23,65.78,51.18,313.76,6103.42
Denmark,DNK,2016,39.51,60.49,44.47,360.86,6190.43
Denmark,DNK,2017,29.45,70.55,50.26,282.85,6150.73
Denmark,DNK,2018,31.31,68.69,49.16,296.92,6115.13
Denmark,DNK,2019,21.45,78.55,58.26,204.29,6050.27
Denmark,DNK,2020,17.95,82.05,61.27,188.94,6080.74
Denmark,DNK,2021,20.72,79.28,52.73,222.97,6452.36
Denmark,DNK,2022,19.14,80.86,60.86,203.64,6186.79
Denmark,DNK,2023,13.6,86.4,68.02,151.96,6223.8
Denmark,DNK,2024,10.81,89.19,69.0,131.77,6486.08
Djibouti,DJI,2000,100.0,0.0,0,666.67,240.86
Djibouti,DJI,2001,100.0,0.0,0,684.21,246.33
Djibouti,DJI,2002,100.0,0.0,0,650.0,251.39
Djibouti,DJI,2003,100.0,0.0,0,650.0,245.84
Djibouti,DJI,2004,100.0,0.0,0,636.36,266.3
Djibouti,DJI,2005,100.0,0.0,0,666.67,357.49
Djibouti,DJI,2006,100.0,0.0,0,645.16,362.25
Djibouti,DJI,2007,100.0,0.0,0,656.25,365.91
Djibouti,DJI,2008,100.0,0.0,0,647.06,380.85
Djibouti,DJI,2009,100.0,0.0,0,657.14,383.97
Djibouti,DJI,2010,100.0,0.0,0,657.9,408.49
Djibouti,DJI,2011,100.0,0.0,0,666.67,411.15
Djibouti,DJI,2012,100.0,0.0,0,666.67,403.41
Djibouti,DJI,2013,100.0,0.0,0,651.16,436.62
Djibouti,DJI,2014,100.0,0.0,0,700.0,438.81
Djibouti,DJI,2015,100.0,0.0,0,666.67,480.24
Djibouti,DJI,2016,100.0,0.0,0,666.67,520.4
Djibouti,DJI,2017,100.0,0.0,0,666.67,540.36
Djibouti,DJI,2018,100.0,0.0,0,600.0,541.1
Djibouti,DJI,2019,100.0,0.0,0,666.67,551.11
Djibouti,DJI,2020,100.0,0.0,0,692.31,570.04
Djibouti,DJI,2021,65.0,35.0,35.0,450.0,633.22
Djibouti,DJI,2022,65.0,35.0,35.0,450.0,624.39
Djibouti,DJI,2023,65.0,35.0,35.0,450.0,615.81
Djibouti,DJI,2024,65.0,35.0,35.0,450.0,684.51
Dominica,DMA,2000,62.5,37.5,0,375.0,1167.42
Dominica,DMA,2001,62.5,37.5,0,375.0,1171.32
Dominica,DMA,2002,57.14,42.86,0,428.57,1023.62
Dominica,DMA,2003,62.5,37.5,0,375.0,1167.0
Dominica,DMA,2004,72.73,27.27,0,454.55,1602.0
Dominica,DMA,2005,75.0,25.0,0,500.0,1745.45
Dominica,DMA,2006,75.0,25.0,0,500.0,1743.6
Dominica,DMA,2007,83.33,16.67,0,583.33,1742.62
Dominica,DMA,2008,84.61,15.38,0,538.46,1887.72
Dominica,DMA,2009,84.61,15.38,0,538.46,1887.37
Dominica,DMA,2010,85.71,14.29,0,571.43,2032.76
Dominica,DMA,2011,73.33,26.67,0,466.67,2171.62
Dominica,DMA,2012,80.0,20.0,0,533.33,2169.57
Dominica,DMA,2013,73.33,26.67,0,466.67,2151.06
Dominica,DMA,2014,80.0,20.0,0,533.33,2131.07
Dominica,DMA,2015,86.67,13.33,0,600.0,2129.8
Dominica,DMA,2016,75.0,25.0,0,500.0,2297.96
Dominica,DMA,2017,76.92,23.08,0,538.46,1897.42
Dominica,DMA,2018,81.82,18.18,0,545.46,1613.02
Dominica,DMA,2019,85.71,14.29,0,571.43,2061.82
Dominica,DMA,2020,85.71,14.29,0,571.43,2071.37
Dominica,DMA,2021,85.71,14.29,0,571.43,2082.65
Dominica,DMA,2022,86.67,13.33,0,600.0,2243.93
Dominica,DMA,2023,86.67,13.33,0,600.0,2254.59
Dominican Republic,DOM,2000,93.0,7.0,0,615.68,1515.58
Dominican Republic,DOM,2001,93.3,6.7,0,619.94,1472.43
Dominican Republic,DOM,2002,92.52,7.48,0,621.58,1570.23
Dominican Republic,DOM,2003,90.41,9.59,0,612.13,1578.95
Dominican Republic,DOM,2004,85.52,14.48,0,584.03,1320.17
Dominican Republic,DOM,2005,84.56,15.44,0,574.96,1446.07
Dominican Republic,DOM,2006,86.46,13.54,0,588.24,1510.52
Dominican Republic,DOM,2007,87.23,12.77,0,588.2,1540.88
Dominican Republic,DOM,2008,89.46,10.54,0,601.64,1526.15
Dominican Republic,DOM,2009,88.22,11.78,0,593.46,1418.22
Dominican Republic,DOM,2010,89.24,10.76,0,587.96,1505.06
Dominican Republic,DOM,2011,89.21,10.79,0.06,590.1,1584.62
Dominican Republic,DOM,2012,87.87,12.13,0.59,582.25,1678.18
Dominican Republic,DOM,2013,86.96,13.04,1.41,571.67,1738.31
Dominican Republic,DOM,2014,89.87,10.13,1.51,593.75,1675.14
Dominican Republic,DOM,2015,92.11,7.89,1.78,606.11,1724.99
Dominican Republic,DOM,2016,88.92,11.08,2.13,589.99,1779.85
Dominican Republic,DOM,2017,84.17,15.83,2.76,550.52,1799.97
Dominican Republic,DOM,2018,86.22,13.78,3.72,566.33,1817.84
Dominican Republic,DOM,2019,87.45,12.55,5.45,582.71,1953.36
Dominican Republic,DOM,2020,83.84,16.16,8.57,581.32,1770.48
Dominican Republic,DOM,2021,82.22,17.78,9.66,558.56,1926.56
Dominican Republic,DOM,2022,81.55,18.45,10.87,580.06,1974.05
Dominican Republic,DOM,2023,82.74,17.26,10.42,579.4,2167.45
Dominican Republic,DOM,2024,81.15,18.85,11.86,567.62,2102.81
East Timor,TLS,2003,100.0,0.0,0,666.67,65.44
East Timor,TLS,2004,100.0,0.0,0,714.29,75.34
East Timor,TLS,2005,100.0,0.0,0,714.29,73.82
East Timor,TLS,2006,100.0,0.0,0,714.29,71.68
East Timor,TLS,2007,100.0,0.0,0,666.67,89.56
East Timor,TLS,2008,100.0,0.0,0,636.36,106.55
East Timor,TLS,2009,100.0,0.0,0,692.31,122.78
East Timor,TLS,2010,100.0,0.0,0,642.86,129.07
East Timor,TLS,2011,100.0,0.0,0,642.86,126.1
East Timor,TLS,2012,100.0,0.0,0,692.31,114.55
East Timor,TLS,2013,100.0,0.0,0,655.17,250.28
East Timor,TLS,2014,100.0,0.0,0,657.14,296.13
East Timor,TLS,2015,100.0,0.0,0,657.14,290.42
East Timor,TLS,2016,100.0,0.0,0,658.54,333.79
East Timor,TLS,2017,100.0,0.0,0,651.16,343.53
East Timor,TLS,2018,100.0,0.0,0,666.67,352.68
East Timor,TLS,2019,100.0,0.0,0,653.85,399.71
East Timor,TLS,2020,100.0,0.0,0,660.0,377.06
East Timor,TLS,2021,100.0,0.0,0,666.67,377.74
East Timor,TLS,2022,100.0,0.0,0,666.67,372.45
East Timor,TLS,2023,100.0,0.0,0,666.67,368.42
East Timor,TLS,2024,100.0,0.0,0,666.67,364.12
Ecuador,ECU,2000,28.49,71.51,0,204.18,831.41
Ecuador,ECU,2001,36.25,63.75,0,254.1,852.0
Ecuador,ECU,2002,36.92,63.08,0,262.49,903.45
Ecuador,ECU,2003,38.07,61.93,0,274.39,937.01
Ecuador,ECU,2004,42.66,57.34,0,303.91,1058.88
Ecuador,ECU,2005,45.97,54.03,0,327.53,1036.39
Ecuador,ECU,2006,49.72,50.28,0,352.27,1111.02
Ecuador,ECU,2007,48.0,52.0,0,340.29,1261.1
Ecuador,ECU,2008,39.43,60.57,0,283.94,1300.15
Ecuador,ECU,2009,49.62,50.38,0,349.67,1299.07
Ecuador,ECU,2010,55.87,44.13,0,389.8,1345.12
Ecuador,ECU,2011,46.01,53.99,0,325.5,1416.53
Ecuador,ECU,2012,46.59,53.41,0,329.96,1474.42
Ecuador,ECU,2013,52.38,47.62,0.26,368.74,1505.02
Ecuador,ECU,2014,52.46,47.54,0.41,369.16,1557.83
Ecuador,ECU,2015,48.9,51.1,0.54,345.72,1616.85
Ecuador,ECU,2016,40.02,59.98,0.44,288.66,1626.16
Ecuador,ECU,2017,26.48,73.52,0.4,201.22,1649.21
Ecuador,ECU,2018,28.09,71.91,0.41,210.06,1705.62
Ecuador,ECU,2019,22.22,77.78,0.4,171.96,1766.43
Ecuador,ECU,2020,20.36,79.64,0.38,159.48,1721.18
Ecuador,ECU,2021,18.8,81.2,0.31,149.13,1807.44
Ecuador,ECU,2022,23.99,76.01,0.3,181.19,1869.96
Ecuador,ECU,2023,26.38,73.62,0.7,195.42,2035.59
Ecuador,ECU,2024,27.56,72.44,0.83,203.61,1839.49
Egypt,EGY,2000,80.55,19.45,0.11,525.64,1001.19
Egypt,EGY,2001,81.92,18.08,0.22,533.76,1078.34
Egypt,EGY,2002,83.53,16.47,0.24,542.97,1120.82
Egypt,EGY,2003,85.65,14.35,0.32,556.03,1172.33
Egypt,EGY,2004,86.43,13.57,0.51,559.9,1227.39
Egypt,EGY,2005,87.47,12.53,0.49,566.99,1284.32
Egypt,EGY,2006,88.01,11.99,0.55,570.21,1345.94
Egypt,EGY,2007,87.59,12.41,0.55,567.58,1415.58
Egypt,EGY,2008,87.55,12.45,0.72,567.39,1489.55
Egypt,EGY,2009,88.97,11.03,0.78,576.45,1523.74
Egypt,EGY,2010,90.04,9.96,1.0,582.7,1603.1
Egypt,EGY,2011,90.16,9.84,1.16,583.18,1624.49
Egypt,EGY,2012,90.87,9.13,1.13,587.88,1743.65
Egypt,EGY,2013,91.0,9.0,0.97,589.17,1727.41
Egypt,EGY,2014,91.38,8.62,0.68,591.86,1748.82
Egypt,EGY,2015,91.42,8.59,1.06,592.26,1818.72
Egypt,EGY,2016,91.59,8.41,1.4,592.97,1848.8
Egypt,EGY,2017,91.98,8.02,1.4,594.69,1859.95
Egypt,EGY,2018,91.75,8.26,1.78,592.41,1881.3
Egypt,EGY,2019,90.23,9.77,3.23,582.49,1857.5
Egypt,EGY,2020,88.04,11.96,4.87,569.08,1803.78
Egypt,EGY,2021,87.9,12.1,4.99,568.06,1876.31
Egypt,EGY,2022,88.18,11.82,5.03,570.04,1910.44
Egypt,EGY,2023,88.3,11.7,4.92,571.29,1925.42
Egypt,EGY,2024,88.8,11.2,5.14,574.5,2025.0
El Salvador,SLV,2000,44.11,55.89,0,309.59,731.91
El Salvador,SLV,2001,46.1,53.9,0,321.95,738.93
El Salvador,SLV,2002,49.32,50.68,0,343.18,798.45
El Salvador,SLV,2003,43.68,56.32,0,308.35,831.86
El Salvador,SLV,2004,47.2,52.8,0,329.19,867.66
El Salvador,SLV,2005,43.14,56.86,0,305.88,895.83
El Salvador,SLV,2006,41.4,58.6,0,294.74,949.63
El Salvador,SLV,2007,42.83,57.17,0,305.23,991.71
El Salvador,SLV,2008,36.72,63.28,0,267.21,1010.07
El Salvador,SLV,2009,43.25,56.75,0,309.4,988.71
El Salvador,SLV,2010,34.55,65.45,0,256.2,1011.82
El Salvador,SLV,2011,36.47,63.53,0,267.42,1031.18
El Salvador,SLV,2012,39.37,60.63,0,288.89,1045.15
El Salvador,SLV,2013,39.24,60.76,0,287.98,1060.46
El Salvador,SLV,2014,39.84,60.16,0,293.65,1083.9
El Salvador,SLV,2015,41.68,58.32,0.17,308.07,1127.16
El Salvador,SLV,2016,40.58,59.42,0.33,308.44,1153.08
El Salvador,SLV,2017,25.23,74.78,2.88,212.61,1149.1
El Salvador,SLV,2018,22.06,77.94,5.7,194.85,1157.59
El Salvador,SLV,2019,28.52,71.47,9.4,238.25,1198.91
El Salvador,SLV,2020,15.24,84.76,15.55,152.41,1133.98
El Salvador,SLV,2021,13.96,86.04,25.67,143.87,1337.96
El Salvador,SLV,2022,9.2,90.8,20.81,113.12,1154.4
El Salvador,SLV,2023,12.21,87.79,22.91,135.45,885.95
El Salvador,SLV,2024,9.19,90.81,21.29,113.32,978.2
Equatorial Guinea,GNQ,2000,80.0,20.0,0,800.0,71.09
Equatorial Guinea,GNQ,2001,83.33,16.67,0,666.67,80.02
Equatorial Guinea,GNQ,2002,85.71,14.29,0,714.29,87.72
Equatorial Guinea,GNQ,2003,85.71,14.29,0,714.29,82.56
Equatorial Guinea,GNQ,2004,88.89,11.11,0,777.78,100.01
Equatorial Guinea,GNQ,2005,90.0,10.0,0,800.0,105.56
Equatorial Guinea,GNQ,2006,90.91,9.09,0,818.18,111.07
Equatorial Guinea,GNQ,2007,92.31,7.69,0,846.15,125.48
Equatorial Guinea,GNQ,2008,75.0,25.0,0,650.0,184.41
Equatorial Guinea,GNQ,2009,77.27,22.73,0,681.82,193.72
Equatorial Guinea,GNQ,2010,86.36,13.64,0,772.73,185.01
Equatorial Guinea,GNQ,2011,90.0,10.0,0,800.0,241.58
Equatorial Guinea,GNQ,2012,85.19,14.81,0,740.74,417.48
Equatorial Guinea,GNQ,2013,70.59,29.41,0,623.53,631.4
Equatorial Guinea,GNQ,2014,65.14,34.86,0,577.98,778.67
Equatorial Guinea,GNQ,2015,63.85,36.15,0,569.23,894.13
Equatorial Guinea,GNQ,2016,66.43,33.57,0,585.71,928.26
Equatorial Guinea,GNQ,2017,67.16,32.84,0,597.02,857.65
Equatorial Guinea,GNQ,2018,67.41,32.59,0,592.59,835.18
Equatorial Guinea,GNQ,2019,67.86,32.14,0,600.0,838.23
Equatorial Guinea,GNQ,2020,65.25,34.75,0,574.47,821.45
Equatorial Guinea,GNQ,2021,67.13,32.87,0,594.41,813.06
Equatorial Guinea,GNQ,2022,68.21,31.79,0,602.65,837.24
Equatorial Guinea,GNQ,2023,75.52,24.48,0,664.34,774.0
Equatorial Guinea,GNQ,2024,73.15,26.85,0,644.3,787.31
Eritrea,ERI,2000,100.0,0.0,0,666.67,93.46
Eritrea,ERI,2001,100.0,0.0,0,652.17,99.48
Eritrea,ERI,2002,100.0,0.0,0,653.85,108.65
Eritrea,ERI,2003,100.0,0.0,0,642.86,112.27
Eritrea,ERI,2004,100.0,0.0,0,642.86,107.76
Eritrea,ERI,2005,100.0,0.0,0,655.17,108.97
Eritrea,ERI,2006,100.0,0.0,0,666.67,99.87
Eritrea,ERI,2007,100.0,0.0,0,655.17,105.72
Eritrea,ERI,2008,100.0,0.0,0,642.86,99.42
Eritrea,ERI,2009,100.0,0.0,0,655.17,100.42
Eritrea,ERI,2010,100.0,0.0,0,645.16,105.26
Eritrea,ERI,2011,100.0,0.0,0,656.25,106.72
Eritrea,ERI,2012,100.0,0.0,0,656.25,105.37
Eritrea,ERI,2013,100.0,0.0,0,666.67,87.82
Eritrea,ERI,2014,100.0,0.0,0,666.67,87.23
Eritrea,ERI,2015,100.0,0.0,0,653.85,83.72
Eritrea,ERI,2016,100.0,0.0,0,666.67,86.41
Eritrea,ERI,2017,97.06,2.94,2.94,647.06,107.92
Eritrea,ERI,2018,87.18,12.82,12.82,564.1,122.15
Eritrea,ERI,2019,87.5,12.5,12.5,575.0,123.45
Eritrea,ERI,2020,87.81,12.2,12.2,585.37,124.57
Eritrea,ERI,2021,88.09,11.9,11.9,571.43,125.37
Eritrea,ERI,2022,88.64,11.36,11.36,590.91,129.05
Eritrea,ERI,2023,89.8,10.2,10.2,591.84,141.19
Eritrea,ERI,2024,88.89,11.11,11.11,577.78,127.28
Estonia,EST,2000,99.88,0.12,0,634.55,5425.91
Estonia,EST,2001,99.76,0.24,0,633.69,5669.32
Estonia,EST,2002,99.65,0.35,0,634.23,5683.47
Estonia,EST,2003,99.51,0.49,0.1,638.78,6025.46
Estonia,EST,2004,99.42,0.58,0.1,639.19,6252.38
Estonia,EST,2005,98.92,1.08,0.49,634.31,6340.2
Estonia,EST,2006,98.66,1.34,0.82,632.07,6667.23
Estonia,EST,2007,98.85,1.15,0.74,642.04,7279.73
Estonia,EST,2008,98.11,1.89,1.23,633.27,7209.75
Estonia,EST,2009,93.85,6.15,2.28,621.87,6639.05
Estonia,EST,2010,91.9,8.1,2.16,609.87,7300.31
Estonia,EST,2011,90.85,9.15,2.87,604.34,7028.96
Estonia,EST,2012,87.71,12.29,3.6,592.81,7349.08
Estonia,EST,2013,90.74,9.26,3.99,606.18,7352.49
Estonia,EST,2014,88.83,11.16,4.82,595.98,7379.47
Estonia,EST,2015,84.63,15.37,7.0,573.4,7021.25
Estonia,EST,2016,86.94,13.06,4.93,588.33,7698.45
Estonia,EST,2017,85.87,14.13,5.55,582.83,7916.93
Estonia,EST,2018,83.91,16.09,5.42,573.97,7919.99
Estonia,EST,2019,71.88,28.12,9.99,509.86,7363.46
Estonia,EST,2020,51.15,48.85,17.93,404.61,7310.06
Estonia,EST,2021,60.08,39.92,15.02,450.63,7373.76
Estonia,EST,2022,68.01,31.99,14.21,487.7,7369.86
Estonia,EST,2023,51.22,48.78,24.39,395.47,6612.08
Estonia,EST,2024,44.25,55.75,33.87,343.45,6747.28
Eswatini,SWZ,2000,1.51,98.48,0,166.67,1229.08
Eswatini,SWZ,2001,1.43,98.57,0,171.43,1274.9
Eswatini,SWZ,2002,4.17,95.83,0,194.44,1434.7
Eswatini,SWZ,2003,4.69,95.31,0,218.75,1349.95
Eswatini,SWZ,2004,5.17,94.83,0,224.14,1192.73
Eswatini,SWZ,2005,3.23,96.77,0,193.55,1371.61
Eswatini,SWZ,2006,2.9,97.1,0,188.41,1503.08
Eswatini,SWZ,2007,2.82,97.18,0,183.1,1549.44
Eswatini,SWZ,2008,2.9,97.1,0,188.41,1466.17
Eswatini,SWZ,2009,3.03,96.97,0,181.82,1420.61
Eswatini,SWZ,2010,2.7,97.3,0,175.68,1394.32
Eswatini,SWZ,2011,3.45,96.55,0,155.17,1243.46
Eswatini,SWZ,2012,7.69,92.31,0,173.08,1192.31
Eswatini,SWZ,2013,6.67,93.33,0,150.0,1292.04
Eswatini,SWZ,2014,4.17,95.83,0,166.67,1284.87
Eswatini,SWZ,2015,5.26,94.74,0,184.21,1277.54
Eswatini,SWZ,2016,8.33,91.67,0,222.22,1235.3
Eswatini,SWZ,2017,4.65,95.35,0,139.54,1251.94
Eswatini,SWZ,2018,4.08,95.92,0,142.86,1223.34
Eswatini,SWZ,2019,8.16,91.84,0,204.08,1296.74
Eswatini,SWZ,2020,4.08,95.92,0,163.27,1173.77
Eswatini,SWZ,2021,3.92,96.08,5.88,137.26,1168.58
Eswatini,SWZ,2022,3.64,96.36,5.46,127.27,1205.98
Eswatini,SWZ,2023,3.03,96.97,4.54,121.21,1381.54
Eswatini,SWZ,2024,3.28,96.72,4.92,131.15,1327.62
Ethiopia,ETH,2000,1.18,98.82,0,35.5,25.07
Ethiopia,ETH,2001,0.98,99.02,0,34.31,29.36
Ethiopia,ETH,2002,0.97,99.03,0,33.98,28.76
Ethiopia,ETH,2003,0.86,99.14,0,30.04,31.56
Ethiopia,ETH,2004,0.78,99.22,0,31.13,33.78
Ethiopia,ETH,2005,0.35,99.65,0,31.25,36.75
Ethiopia,ETH,2006,0.6,99.4,0,30.21,41.01
Ethiopia,ETH,2007,1.17,98.83,0,34.99,41.27
Ethiopia,ETH,2008,0.3,99.7,0,30.03,38.93
Ethiopia,ETH,2009,1.66,98.34,0,35.91,41.13
Ethiopia,ETH,2010,1.0,99.0,0,31.94,55.34
Ethiopia,ETH,2011,0.79,99.21,0.47,29.97,64.52
Ethiopia,ETH,2012,0.26,99.74,2.51,25.1,73.17
Ethiopia,ETH,2013,0.12,99.89,4.27,25.38,81.57
Ethiopia,ETH,2014,0.0,100.0,5.49,23.23,86.14
Ethiopia,ETH,2015,0.0,100.0,7.51,24.06,93.29
Ethiopia,ETH,2016,0.0,100.0,6.42,24.06,104.67
Ethiopia,ETH,2017,0.0,100.0,4.19,23.63,106.6
Ethiopia,ETH,2018,0.0,100.0,3.87,23.89,117.43
Ethiopia,ETH,2019,0.07,99.94,5.68,24.17,122.43
Ethiopia,ETH,2020,0.06,99.94,4.1,24.33,117.56
Ethiopia,ETH,2021,0.0,100.0,5.39,22.81,115.61
Ethiopia,ETH,2022,0.0,100.0,3.45,23.55,124.9
Ethiopia,ETH,2023,0.0,100.0,3.38,23.64,124.25
Ethiopia,ETH,2024,0.0,100.0,2.94,23.41,177.5
Falkland Islands,FLK,2000,100.0,0.0,0,1000.0,3206.16
Falkland Islands,FLK,2001,100.0,0.0,0,1000.0,3157.56
Falkland Islands,FLK,2002,100.0,0.0,0,1000.0,3131.85
Falkland Islands,FLK,2003,100.0,0.0,0,1000.0,3113.32
Falkland Islands,FLK,2004,100.0,0.0,0,1000.0,3095.97
Falkland Islands,FLK,2005,100.0,0.0,0,1000.0,3084.52
Falkland Islands,FLK,2006,100.0,0.0,0,500.0,6146.28
Falkland Islands,FLK,2007,100.0,0.0,0,500.0,6155.74
Falkland Islands,FLK,2008,100.0,0.0,0,1000.0,3082.61
Falkland Islands,FLK,2009,100.0,0.0,0,1000.0,3093.1
Falkland Islands,FLK,2010,100.0,0.0,0,1000.0,3107.52
Falkland Islands,FLK,2011,50.0,50.0,50.0,500.0,6240.25
Falkland Islands,FLK,2012,50.0,50.0,50.0,500.0,6205.4
Falkland Islands,FLK,2013,50.0,50.0,50.0,500.0,6077.18
Falkland Islands,FLK,2014,50.0,50.0,50.0,500.0,5948.84
Falkland Islands,FLK,2015,50.0,50.0,50.0,500.0,5827.51
Falkland Islands,FLK,2016,50.0,50.0,50.0,500.0,5715.92
Falkland Islands,FLK,2017,100.0,0.0,0,1000.0,2824.06
Falkland Islands,FLK,2018,100.0,0.0,0,1000.0,2817.7
Falkland Islands,FLK,2019,100.0,0.0,0,1000.0,2824.06
Falkland Islands,FLK,2020,100.0,0.0,0,1000.0,2827.26
Falkland Islands,FLK,2021,100.0,0.0,0,1000.0,2837.68
Falkland Islands,FLK,2022,100.0,0.0,0,1000.0,2844.95
Falkland Islands,FLK,2023,100.0,0.0,0,1000.0,2858.78
Faroe Islands,FRO,2000,63.64,36.36,0,409.09,4815.37
Faroe Islands,FRO,2001,66.67,33.33,0,458.33,5187.84
Faroe Islands,FRO,2002,58.33,41.67,0,375.0,5122.51
Faroe Islands,FRO,2003,66.67,33.33,0,458.33,5058.17
Faroe Islands,FRO,2004,60.0,40.0,4.0,400.0,5203.89
Faroe Islands,FRO,2005,56.0,44.0,4.0,360.0,5166.78
Faroe Islands,FRO,2006,56.0,44.0,4.0,360.0,5159.32
Faroe Islands,FRO,2007,55.56,44.44,7.41,370.37,5567.24
Faroe Islands,FRO,2008,62.96,37.04,3.7,407.41,5563.8
Faroe Islands,FRO,2009,62.96,37.04,3.7,407.41,5565.63
Faroe Islands,FRO,2010,71.43,28.57,3.57,464.29,5810.21
Faroe Islands,FRO,2011,62.96,37.04,3.7,407.41,5630.04
Faroe Islands,FRO,2012,62.07,37.93,3.45,413.79,6027.48
Faroe Islands,FRO,2013,62.07,37.93,6.9,413.79,6004.51
Faroe Islands,FRO,2014,48.39,51.61,12.9,322.58,6389.78
Faroe Islands,FRO,2015,40.62,59.38,18.75,281.25,6541.83
Faroe Islands,FRO,2016,51.61,48.39,16.13,354.84,6255.8
Faroe Islands,FRO,2017,48.48,51.52,18.18,333.33,6564.81
Faroe Islands,FRO,2018,51.43,48.57,17.14,342.86,6854.41
Faroe Islands,FRO,2019,60.53,39.47,13.16,394.74,7326.29
Faroe Islands,FRO,2020,60.98,39.02,12.2,390.24,7792.45
Faroe Islands,FRO,2021,60.47,39.53,11.63,395.35,8063.91
Faroe Islands,FRO,2022,54.17,45.83,18.75,354.17,8882.47
Faroe Islands,FRO,2023,53.06,46.94,18.37,346.94,8951.73
Fiji,FJI,2000,28.0,72.0,0,240.0,891.89
Fiji,FJI,2001,25.32,74.68,0,215.19,929.84
Fiji,FJI,2002,30.12,69.88,0,240.96,967.3
Fiji,FJI,2003,45.98,54.02,0,344.83,1004.27
Fiji,FJI,2004,43.18,56.82,0,329.55,1006.44
Fiji,FJI,2005,47.19,52.81,0,359.55,1008.63
Fiji,FJI,2006,47.78,52.22,0,355.56,1010.82
Fiji,FJI,2007,31.46,68.54,1.12,235.96,991.26
Fiji,FJI,2008,32.14,67.86,2.38,238.1,929.82
Fiji,FJI,2009,37.35,62.65,2.41,265.06,914.86
Fiji,FJI,2010,47.73,52.27,1.14,340.91,966.58
Fiji,FJI,2011,42.35,57.65,0,305.88,931.01
Fiji,FJI,2012,33.72,66.28,1.16,244.19,939.97
Fiji,FJI,2013,36.36,63.64,0,261.36,960.32
Fiji,FJI,2014,51.65,48.35,0,362.64,991.73
Fiji,FJI,2015,51.61,48.39,1.07,365.59,1012.43
Fiji,FJI,2016,45.26,54.74,1.05,305.26,1033.54
Fiji,FJI,2017,50.0,50.0,0.98,343.14,1110.19
Fiji,FJI,2018,40.91,59.09,0.91,300.0,1199.32
Fiji,FJI,2019,42.1,57.9,0.88,307.02,1246.03
Fiji,FJI,2020,37.04,62.96,0.93,268.52,1180.37
Fiji,FJI,2021,37.74,62.26,0.94,273.59,1156.3
Fiji,FJI,2022,39.25,60.75,0.94,280.37,1163.77
Fiji,FJI,2023,36.52,63.48,0.87,278.26,1244.39
Fiji,FJI,2024,36.52,63.48,0.87,278.26,1238.16
Finland,FIN,2000,34.46,65.54,0.11,246.82,15812.77
Finland,FIN,2001,40.48,59.52,0.09,284.89,16270.33
Finland,FIN,2002,43.77,56.23,0.08,316.2,16698.24
Finland,FIN,2003,50.41,49.59,0.11,371.38,17097.78
Finland,FIN,2004,43.67,56.33,0.14,325.37,17350.31
Finland,FIN,2005,33.77,66.23,0.24,230.87,16692.47
Finland,FIN,2006,44.87,55.13,0.19,335.76,17790.65
Finland,FIN,2007,41.19,58.81,0.23,309.1,17722.64
Finland,FIN,2008,34.41,65.58,0.34,246.15,16960.96
Finland,FIN,2009,37.23,62.77,0.39,276.16,15761.81
Finland,FIN,2010,41.74,58.26,0.36,314.86,16993.12
Finland,FIN,2011,35.55,64.45,0.67,268.16,16211.24
Finland,FIN,2012,26.79,73.21,0.71,215.17,16226.52
Finland,FIN,2013,30.9,69.1,1.09,257.65,15989.9
Finland,FIN,2014,26.78,73.22,1.64,226.43,15758.87
Finland,FIN,2015,21.61,78.39,3.41,182.04,15502.62
Finland,FIN,2016,22.02,77.98,4.49,199.56,15958.6
Finland,FIN,2017,20.1,79.9,7.17,186.17,15966.53
Finland,FIN,2018,21.79,78.21,8.44,193.37,16347.79
Finland,FIN,2019,18.74,81.26,8.99,171.55,16054.68
Finland,FIN,2020,14.47,85.53,12.25,130.27,15252.42
Finland,FIN,2021,14.32,85.67,12.22,135.63,16220.7
Finland,FIN,2022,11.32,88.68,17.2,129.97,15206.58
Finland,FIN,2023,6.02,93.98,19.33,81.21,14861.14
Finland,FIN,2024,4.65,95.35,25.95,66.63,15261.75
France,FRA,2000,9.31,90.69,0.01,79.77,7784.99
France,FRA,2001,8.37,91.63,0.03,68.63,7916.02
France,FRA,2002,9.39,90.61,0.05,75.21,7860.63
France,FRA,2003,10.12,89.88,0.07,80.86,8111.8
France,FRA,2004,9.82,90.17,0.11,77.19,8245.0
France,FRA,2005,11.0,89.0,0.17,85.53,8256.55
France,FRA,2006,9.91,90.09,0.39,76.57,8121.86
France,FRA,2007,10.29,89.71,0.73,80.11,8089.23
France,FRA,2008,9.74,90.26,1.01,76.03,8266.78
France,FRA,2009,9.64,90.36,1.53,75.6,7969.71
France,FRA,2010,10.16,89.84,1.88,78.56,8383.35
France,FRA,2011,10.44,89.56,2.59,74.62,8021.49
France,FRA,2012,10.03,89.97,3.46,77.59,8165.35
France,FRA,2013,9.3,90.7,3.7,76.29,8204.82
France,FRA,2014,6.32,93.68,4.19,52.22,7715.27
France,FRA,2015,7.82,92.19,5.08,59.17,7857.5
France,FRA,2016,10.13,89.86,5.38,68.62,7948.46
France,FRA,2017,11.78,88.22,6.02,78.31,7897.86
France,FRA,2018,8.58,91.42,6.9,59.92,7833.85
France,FRA,2019,9.48,90.52,8.26,59.79,7726.37
France,FRA,2020,9.18,90.82,10.08,59.08,7316.71
France,FRA,2021,8.88,91.12,9.52,59.8,7648.2
France,FRA,2022,12.88,87.12,12.28,78.54,7293.44
France,FRA,2023,7.92,92.08,14.09,53.26,7048.29
France,FRA,2024,5.1,94.9,12.51,40.48,7089.56
French Guiana,GUF,2000,10.87,89.13,0,86.96,2863.67
French Guiana,GUF,2001,30.0,70.0,0,216.67,3559.9
French Guiana,GUF,2002,33.33,66.67,0,238.1,3564.98
French Guiana,GUF,2003,49.25,50.75,0,343.28,3619.65
French Guiana,GUF,2004,38.81,61.19,0,268.66,3459.74
French Guiana,GUF,2005,39.44,60.56,0,267.61,3507.0
French Guiana,GUF,2006,26.03,73.97,0,191.78,3460.11
French Guiana,GUF,2007,31.51,68.49,0,219.18,3331.46
French Guiana,GUF,2008,33.33,66.67,0,226.67,3317.03
French Guiana,GUF,2009,55.13,44.87,0,371.8,3380.79
French Guiana,GUF,2010,43.37,56.63,0,301.21,3538.27
French Guiana,GUF,2011,38.55,61.45,4.82,265.06,3465.19
French Guiana,GUF,2012,30.34,69.66,5.62,213.48,3621.07
French Guiana,GUF,2013,39.33,60.67,4.49,269.66,3514.31
French Guiana,GUF,2014,39.13,60.87,5.43,271.74,3530.8
French Guiana,GUF,2015,40.86,59.14,5.38,279.57,3491.29
French Guiana,GUF,2016,45.05,54.95,5.5,307.69,3354.49
French Guiana,GUF,2017,32.61,67.39,5.43,228.26,3331.43
French Guiana,GUF,2018,35.48,64.52,5.38,247.31,3309.94
French Guiana,GUF,2019,50.53,49.47,5.26,347.37,3326.63
French Guiana,GUF,2020,47.37,52.63,6.32,326.32,3286.48
French Guiana,GUF,2021,29.9,70.1,6.19,216.5,3310.32
French Guiana,GUF,2022,28.42,71.58,5.26,210.53,3184.51
French Guiana,GUF,2023,34.69,65.31,6.12,244.9,3229.97
French Polynesia,PYF,2000,70.73,29.27,0,463.42,1705.87
French Polynesia,PYF,2001,76.19,23.81,0,500.0,1720.56
French Polynesia,PYF,2002,71.74,28.26,0,478.26,1856.45
French Polynesia,PYF,2003,68.08,31.91,0,446.81,1867.67
French Polynesia,PYF,2004,66.67,33.33,0,444.44,2112.16
French Polynesia,PYF,2005,64.71,35.29,0,431.37,1965.19
French Polynesia,PYF,2006,62.26,37.74,0,415.09,2013.42
French Polynesia,PYF,2007,60.0,40.0,0,418.18,2064.19
French Polynesia,PYF,2008,63.16,36.84,0,421.05,2123.78
French Polynesia,PYF,2009,63.79,36.21,0,413.79,2152.18
French Polynesia,PYF,2010,65.82,34.18,0,443.04,2919.55
French Polynesia,PYF,2011,68.92,31.08,1.35,472.97,2723.25
French Polynesia,PYF,2012,70.83,29.17,1.39,472.22,2636.47
French Polynesia,PYF,2013,75.0,25.0,2.94,500.0,2475.1
French Polynesia,PYF,2014,70.59,29.41,4.41,470.59,2460.28
French Polynesia,PYF,2015,70.59,29.41,4.41,470.59,2447.13
French Polynesia,PYF,2016,69.12,30.88,4.41,455.88,2435.7
French Polynesia,PYF,2017,68.12,31.88,5.8,449.28,2463.44
French Polynesia,PYF,2018,70.59,29.41,5.88,470.59,2430.11
French Polynesia,PYF,2019,71.01,28.99,5.8,463.77,2472.76
French Polynesia,PYF,2020,69.7,30.3,6.06,454.55,2363.74
French Polynesia,PYF,2021,71.21,28.79,7.58,469.7,2358.76
French Polynesia,PYF,2022,66.2,33.8,7.04,436.62,2532.2
French Polynesia,PYF,2023,66.2,33.8,7.04,436.62,2525.57
French Polynesia,PYF,2024,65.28,34.72,8.33,430.56,2554.86
Gabon,GAB,2000,38.17,61.83,0,305.34,1026.98
Gabon,GAB,2001,37.14,62.86,0,307.14,1069.03
Gabon,GAB,2002,37.41,62.59,0,306.12,1092.82
Gabon,GAB,2003,41.18,58.82,0,326.8,1106.81
Gabon,GAB,2004,41.83,58.17,0,333.33,1076.24
Gabon,GAB,2005,48.41,51.59,0,375.8,1072.77
Gabon,GAB,2006,42.77,57.23,0,337.35,1100.55
Gabon,GAB,2007,53.76,46.24,0,404.62,1111.65
Gabon,GAB,2008,50.83,49.17,0,403.32,1126.19
Gabon,GAB,2009,48.09,51.91,0,398.91,1101.37
Gabon,GAB,2010,52.85,47.15,0,445.6,1122.17
Gabon,GAB,2011,58.62,41.38,0,492.61,1139.18
Gabon,GAB,2012,57.87,42.13,0,481.48,1169.53
Gabon,GAB,2013,55.02,44.98,0,454.55,1186.58
Gabon,GAB,2014,59.8,40.2,0,497.49,1202.99
Gabon,GAB,2015,56.6,43.4,0,476.42,1205.3
Gabon,GAB,2016,62.1,37.9,0,525.11,1209.35
Gabon,GAB,2017,58.04,41.96,0,495.54,1251.8
Gabon,GAB,2018,52.88,47.12,0,438.85,1487.13
Gabon,GAB,2019,53.52,46.48,0,443.66,1486.08
Gabon,GAB,2020,51.2,48.8,0,423.21,1494.06
Gabon,GAB,2021,53.38,46.62,0,439.19,1468.4
Gabon,GAB,2022,52.04,47.96,0,429.47,1534.51
Gabon,GAB,2023,64.48,35.52,0,525.1,1275.76
Gabon,GAB,2024,64.61,35.38,0,523.08,1252.48
Gambia,GMB,2000,100.0,0.0,0,692.31,89.34
Gambia,GMB,2001,100.0,0.0,0,666.67,100.33
Gambia,GMB,2002,100.0,0.0,0,666.67,97.67
Gambia,GMB,2003,100.0,0.0,0,647.06,107.76
Gambia,GMB,2004,100.0,0.0,0,684.21,117.19
Gambia,GMB,2005,100.0,0.0,0,650.0,119.97
Gambia,GMB,2006,100.0,0.0,0,636.36,128.26
Gambia,GMB,2007,100.0,0.0,0,652.17,130.25
Gambia,GMB,2008,100.0,0.0,0,666.67,132.02
Gambia,GMB,2009,100.0,0.0,0,666.67,128.24
Gambia,GMB,2010,100.0,0.0,0,640.0,129.76
Gambia,GMB,2011,100.0,0.0,0,640.0,126.02
Gambia,GMB,2012,100.0,0.0,0,640.0,122.36
Gambia,GMB,2013,100.0,0.0,0,640.0,118.83
Gambia,GMB,2014,100.0,0.0,0,640.0,115.5
Gambia,GMB,2015,100.0,0.0,0,642.86,125.87
Gambia,GMB,2016,100.0,0.0,0,666.67,131.36
Gambia,GMB,2017,100.0,0.0,0,645.16,132.35
Gambia,GMB,2018,100.0,0.0,0,666.67,162.53
Gambia,GMB,2019,100.0,0.0,0,652.17,187.23
Gambia,GMB,2020,100.0,0.0,0,666.67,190.8
Gambia,GMB,2021,100.0,0.0,0,660.0,194.1
Gambia,GMB,2022,100.0,0.0,0,666.67,193.44
Gambia,GMB,2023,100.0,0.0,0,666.67,189.04
Gambia,GMB,2024,100.0,0.0,0,666.67,184.78
Georgia,GEO,2000,21.2,78.8,0,152.17,1758.17
Georgia,GEO,2001,20.2,79.8,0,146.8,1698.48
Georgia,GEO,2002,6.82,93.19,0,65.37,1850.84
Georgia,GEO,2003,9.01,90.99,0,77.47,1960.6
Georgia,GEO,2004,12.68,87.32,0,100.58,2006.87
Georgia,GEO,2005,14.31,85.69,0,111.11,2123.62
Georgia,GEO,2006,29.59,70.42,0,200.8,2024.23
Georgia,GEO,2007,20.59,79.41,0,148.24,2091.95
Georgia,GEO,2008,15.39,84.61,0,116.95,2095.81
Georgia,GEO,2009,11.88,88.11,0,94.84,2000.54
Georgia,GEO,2010,6.83,93.17,0,65.33,2230.53
Georgia,GEO,2011,22.06,77.94,0,157.69,2473.68
Georgia,GEO,2012,25.68,74.32,0,177.76,2529.17
Georgia,GEO,2013,17.94,82.06,0,131.26,2627.9
Georgia,GEO,2014,19.82,80.17,0,143.83,2778.86
Georgia,GEO,2015,22.14,77.86,0,157.21,2845.79
Georgia,GEO,2016,19.5,80.5,0.09,141.86,3008.92
Georgia,GEO,2017,19.49,80.51,0.79,141.61,3229.75
Georgia,GEO,2018,17.52,82.47,0.66,128.74,3415.13
Georgia,GEO,2019,23.95,76.05,0.76,167.79,3487.22
Georgia,GEO,2020,25.27,74.73,0.81,175.63,3324.83
Georgia,GEO,2021,18.83,81.17,0.63,136.87,3764.07
Georgia,GEO,2022,23.79,76.21,0.63,167.02,3902.73
Georgia,GEO,2023,23.91,76.09,0.83,167.71,3611.3
Georgia,GEO,2024,20.17,79.83,0.86,145.01,3705.68
Germany,DEU,2000,63.97,36.03,1.64,573.16,6993.02
Germany,DEU,2001,63.87,36.13,1.82,565.48,7110.61
Germany,DEU,2002,64.14,35.86,2.75,569.62,7234.95
Germany,DEU,2003,64.83,35.17,3.22,570.01,7292.02
Germany,DEU,2004,63.08,36.92,4.36,554.71,7393.84
Germany,DEU,2005,63.07,36.93,4.74,546.3,7419.8
Germany,DEU,2006,61.94,38.06,5.33,536.21,7505.57
Germany,DEU,2007,63.56,36.44,6.92,551.81,7559.05
Germany,DEU,2008,61.59,38.41,7.26,525.41,7547.58
Germany,DEU,2009,60.71,39.29,7.85,521.55,7112.97
Germany,DEU,2010,60.59,39.41,8.09,516.65,7537.46
Germany,DEU,2011,61.59,38.41,11.54,529.67,7435.64
Germany,DEU,2012,60.82,39.18,12.65,534.16,7406.04
Germany,DEU,2013,60.42,39.58,13.24,538.04,7372.76
Germany,DEU,2014,58.13,41.87,15.18,521.68,7187.25
Germany,DEU,2015,56.2,43.8,18.57,503.59,7199.17
Germany,DEU,2016,57.33,42.67,18.31,498.3,7141.12
Germany,DEU,2017,54.69,45.31,22.41,469.71,7123.6
Germany,DEU,2018,52.72,47.28,24.4,454.55,6999.52
Germany,DEU,2019,47.3,52.7,28.52,392.51,6790.64
Germany,DEU,2020,44.27,55.73,32.04,355.61,6549.43
Germany,DEU,2021,47.89,52.11,28.25,394.64,6693.78
Germany,DEU,2022,49.5,50.5,32.65,419.74,6417.46
Germany,DEU,2023,43.89,56.11,40.34,362.92,6102.31
Germany,DEU,2024,41.36,58.64,43.49,336.38,6176.77
Ghana,GHA,2000,8.65,91.35,0,79.5,375.82
Ghana,GHA,2001,16.13,83.87,0,126.76,394.7
Ghana,GHA,2002,31.22,68.78,0,221.46,371.45
Ghana,GHA,2003,34.35,65.65,0,241.5,292.06
Ghana,GHA,2004,12.67,87.33,0,103.33,283.97
Ghana,GHA,2005,17.21,82.79,0,132.05,308.25
Ghana,GHA,2006,33.61,66.39,0,237.19,358.5
Ghana,GHA,2007,46.84,53.16,0,321.84,302.42
Ghana,GHA,2008,26.08,73.92,0,189.9,332.37
Ghana,GHA,2009,23.6,76.4,0,173.38,337.45
Ghana,GHA,2010,31.32,68.68,0,230.24,360.75
Ghana,GHA,2011,33.6,66.4,0,253.76,410.04
Ghana,GHA,2012,34.07,65.93,0,251.03,434.27
Ghana,GHA,2013,37.1,62.9,0,266.36,456.07
Ghana,GHA,2014,36.39,63.61,0,269.11,449.69
Ghana,GHA,2015,50.09,49.91,0,369.42,393.08
Ghana,GHA,2016,57.78,42.22,0.23,410.02,467.69
Ghana,GHA,2017,57.37,42.63,0.23,407.52,444.88
Ghana,GHA,2018,59.29,40.71,0.2,421.87,467.07
Ghana,GHA,2019,57.69,42.31,0.29,416.76,511.85
Ghana,GHA,2020,62.65,37.35,0.3,459.2,564.17
Ghana,GHA,2021,65.22,34.78,0.59,478.26,627.02
Ghana,GHA,2022,63.95,36.05,0.69,469.42,635.01
Ghana,GHA,2023,61.48,38.52,0.62,452.68,646.68
Ghana,GHA,2024,63.78,36.22,0.7,468.89,634.09
Gibraltar,GIB,2000,100.0,0.0,0,692.31,4687.39
Gibraltar,GIB,2001,100.0,0.0,0,692.31,4695.68
Gibraltar,GIB,2002,100.0,0.0,0,692.31,4667.86
Gibraltar,GIB,2003,100.0,0.0,0,692.31,4593.48
Gibraltar,GIB,2004,100.0,0.0,0,642.86,4871.09
Gibraltar,GIB,2005,100.0,0.0,0,642.86,4796.0
Gibraltar,GIB,2006,100.0,0.0,0,666.67,5064.15
Gibraltar,GIB,2007,100.0,0.0,0,687.5,5327.65
Gibraltar,GIB,2008,100.0,0.0,0,647.06,5586.41
Gibraltar,GIB,2009,100.0,0.0,0,647.06,5511.07
Gibraltar,GIB,2010,100.0,0.0,0,666.67,5756.13
Gibraltar,GIB,2011,100.0,0.0,0,647.06,5365.31
Gibraltar,GIB,2012,100.0,0.0,0,666.67,5615.52
Gibraltar,GIB,2013,100.0,0.0,0,684.21,5858.95
Gibraltar,GIB,2014,100.0,0.0,0,650.0,6090.88
Gibraltar,GIB,2015,100.0,0.0,0,636.36,6623.71
Gibraltar,GIB,2016,100.0,0.0,0,666.67,6234.78
Gibraltar,GIB,2017,100.0,0.0,0,666.67,6128.35
Gibraltar,GIB,2018,100.0,0.0,0,636.36,6306.8
Gibraltar,GIB,2019,100.0,0.0,0,636.36,6194.04
Gibraltar,GIB,2020,100.0,0.0,0,571.43,5801.43
Gibraltar,GIB,2021,100.0,0.0,0,565.22,6236.27
Gibraltar,GIB,2022,100.0,0.0,0,571.43,5580.51
Gibraltar,GIB,2023,100.0,0.0,0,608.7,5975.11
Gibraltar,GIB,2024,100.0,0.0,0,590.91,5590.71
Greece,GRC,2000,92.18,7.82,0.85,822.82,4908.82
Greece,GRC,2001,94.4,5.6,1.45,845.64,5076.01
Greece,GRC,2002,93.29,6.71,1.22,827.59,5166.07
Greece,GRC,2003,89.72,10.28,1.78,790.33,5437.58
Greece,GRC,2004,89.85,10.15,1.92,786.16,5575.77
Greece,GRC,2005,89.09,10.91,2.16,782.56,5692.38
Greece,GRC,2006,87.09,12.91,2.86,743.14,5774.27
Greece,GRC,2007,92.64,7.36,2.92,776.92,6043.96
Greece,GRC,2008,90.75,9.25,3.62,758.93,6119.96
Greece,GRC,2009,86.48,13.52,4.29,747.1,5825.5
Greece,GRC,2010,81.4,18.6,5.07,707.3,5601.97
Greece,GRC,2011,86.06,13.94,6.72,725.06,5552.34
Greece,GRC,2012,83.09,16.91,9.25,704.06,5583.67
Greece,GRC,2013,74.53,25.48,13.82,636.69,5312.04
Greece,GRC,2014,75.45,24.55,15.07,667.88,5364.83
Greece,GRC,2015,70.91,29.09,16.69,603.53,5605.82
Greece,GRC,2016,72.34,27.66,16.86,571.51,5813.18
Greece,GRC,2017,74.82,25.18,17.39,579.75,5676.27
Greece,GRC,2018,69.32,30.68,19.18,545.14,5487.92
Greece,GRC,2019,66.42,33.58,24.4,496.98,5400.9
Greece,GRC,2020,63.06,36.94,28.96,423.07,5268.53
Greece,GRC,2021,59.2,40.8,29.0,383.11,5474.71
Greece,GRC,2022,56.55,43.45,34.88,376.81,5293.65
Greece,GRC,2023,50.17,49.83,40.69,336.4,5256.32
Greece,GRC,2024,50.77,49.23,41.71,321.65,5649.99
Greenland,GRL,2000,41.38,58.62,0,275.86,5157.57
Greenland,GRL,2001,42.86,57.14,0,285.71,4961.64
Greenland,GRL,2002,41.94,58.06,0,290.32,5475.39
Greenland,GRL,2003,41.94,58.06,0,290.32,5459.57
Greenland,GRL,2004,42.42,57.58,0,272.73,5797.0
Greenland,GRL,2005,41.18,58.82,0,264.71,5968.16
Greenland,GRL,2006,42.86,57.14,0,285.71,6151.03
Greenland,GRL,2007,44.44,55.56,0,305.56,6337.25
Greenland,GRL,2008,45.95,54.05,0,297.3,6527.53
Greenland,GRL,2009,36.59,63.41,0,268.29,7250.6
Greenland,GRL,2010,29.27,70.73,0,219.51,7239.47
Greenland,GRL,2011,24.44,75.56,0,177.78,7915.15
Greenland,GRL,2012,24.44,75.56,0,177.78,7922.95
Greenland,GRL,2013,19.57,80.44,0,152.17,8136.98
Greenland,GRL,2014,18.75,81.25,0,145.83,8541.68
Greenland,GRL,2015,17.65,82.35,0,137.26,9099.34
Greenland,GRL,2016,16.67,83.33,0,125.0,8558.9
Greenland,GRL,2017,24.0,76.0,0,180.0,8913.61
Greenland,GRL,2018,19.23,80.77,0,153.85,9269.16
Greenland,GRL,2019,16.33,83.67,0,122.45,8733.0
Greenland,GRL,2020,17.31,82.69,0,134.62,9268.34
Greenland,GRL,2021,15.69,84.31,0,117.65,9096.58
Greenland,GRL,2022,12.96,87.04,0,111.11,9640.45
Greenland,GRL,2023,18.03,81.97,0,131.15,10902.4
Greenland,GRL,2024,16.67,83.33,0,150.0,10740.37
Grenada,GRD,2000,100.0,0.0,0,692.31,1209.68
Grenada,GRD,2001,100.0,0.0,0,642.86,1296.32
Grenada,GRD,2002,100.0,0.0,0,666.67,1383.59
Grenada,GRD,2003,100.0,0.0,0,687.5,1469.31
Grenada,GRD,2004,100.0,0.0,0,642.86,1280.43
Grenada,GRD,2005,100.0,0.0,0,666.67,1366.82
Grenada,GRD,2006,100.0,0.0,0,647.06,1543.36
Grenada,GRD,2007,100.0,0.0,0,666.67,1628.49
Grenada,GRD,2008,100.0,0.0,0,684.21,1713.09
Grenada,GRD,2009,100.0,0.0,0,650.0,1797.49
Grenada,GRD,2010,100.0,0.0,0,666.67,1881.72
Grenada,GRD,2011,100.0,0.0,0,650.0,1784.23
Grenada,GRD,2012,100.0,0.0,0,650.0,1773.17
Grenada,GRD,2013,100.0,0.0,0,650.0,1762.13
Grenada,GRD,2014,100.0,0.0,0,650.0,1752.11
Grenada,GRD,2015,100.0,0.0,0,666.67,1831.01
Grenada,GRD,2016,100.0,0.0,0,636.36,1910.6
Grenada,GRD,2017,100.0,0.0,0,652.17,1992.24
Grenada,GRD,2018,100.0,0.0,0,652.17,1987.85
Grenada,GRD,2019,100.0,0.0,0,666.67,2069.05
Grenada,GRD,2020,100.0,0.0,0,636.36,1890.8
Grenada,GRD,2021,100.0,0.0,0,652.17,1970.93
Grenada,GRD,2022,100.0,0.0,0,666.67,2052.55
Grenada,GRD,2023,100.0,0.0,0,666.67,2049.64
Grenada,GRD,2024,100.0,0.0,0,666.67,2047.47
Guadeloupe,GLP,2000,90.16,9.84,0.82,672.13,2907.77
Guadeloupe,GLP,2001,91.47,8.53,1.55,666.67,3087.28
Guadeloupe,GLP,2002,89.47,10.53,2.26,654.14,3198.95
Guadeloupe,GLP,2003,90.58,9.42,2.17,659.42,3338.03
Guadeloupe,GLP,2004,88.11,11.89,2.1,636.36,3480.51
Guadeloupe,GLP,2005,86.0,14.0,1.33,620.0,3675.7
Guadeloupe,GLP,2006,86.93,13.07,1.96,633.99,3757.09
Guadeloupe,GLP,2007,86.25,13.75,2.5,625.0,3918.66
Guadeloupe,GLP,2008,86.33,13.66,3.11,621.12,3936.55
Guadeloupe,GLP,2009,88.34,11.66,3.68,613.5,3985.35
Guadeloupe,GLP,2010,91.33,8.67,3.47,641.62,4231.74
Guadeloupe,GLP,2011,88.09,11.9,4.76,648.81,4106.95
Guadeloupe,GLP,2012,84.88,15.12,8.14,633.72,4203.81
Guadeloupe,GLP,2013,82.18,17.82,9.2,614.94,4260.87
Guadeloupe,GLP,2014,81.61,18.39,8.62,603.45,4278.84
Guadeloupe,GLP,2015,82.39,17.61,8.52,596.59,4356.98
Guadeloupe,GLP,2016,83.05,16.95,7.91,610.17,4374.24
Guadeloupe,GLP,2017,79.55,20.45,7.96,596.59,4264.59
Guadeloupe,GLP,2018,78.36,21.64,8.77,584.8,4118.66
Guadeloupe,GLP,2019,78.49,21.51,9.3,569.77,4192.4
Guadeloupe,GLP,2020,75.88,24.12,10.59,547.06,4172.79
Guadeloupe,GLP,2021,66.27,33.73,13.25,500.0,4158.77
Guadeloupe,GLP,2022,65.24,34.76,13.41,493.9,4263.04
Guadeloupe,GLP,2023,64.67,35.33,12.57,497.01,4435.38
Guam,GUM,2000,100.0,0.0,0,659.79,12119.09
Guam,GUM,2001,100.0,0.0,0,656.41,12086.35
Guam,GUM,2002,100.0,0.0,0,656.98,10595.96
Guam,GUM,2003,100.0,0.0,0,657.3,10910.47
Guam,GUM,2004,100.0,0.0,0,659.57,11476.36
Guam,GUM,2005,100.0,0.0,0,657.9,11559.08
Guam,GUM,2006,100.0,0.0,0,656.09,11465.11
Guam,GUM,2007,100.0,0.0,0,659.57,11374.77
Guam,GUM,2008,100.0,0.0,0,659.57,11345.53
Guam,GUM,2009,100.0,0.0,0,657.75,11252.25
Guam,GUM,2010,100.0,0.0,0,657.75,11229.01
Guam,GUM,2011,100.0,0.0,0,657.61,11047.47
Guam,GUM,2012,100.0,0.0,0,657.3,10700.46
Guam,GUM,2013,100.0,0.0,0,655.17,10483.25
Guam,GUM,2014,100.0,0.0,0,658.82,10272.4
Guam,GUM,2015,98.25,1.75,1.75,649.12,10369.04
Guam,GUM,2016,95.98,4.02,4.02,632.18,10594.25
Guam,GUM,2017,96.61,3.39,3.39,638.42,10825.62
Guam,GUM,2018,95.95,4.05,4.05,630.06,10633.79
Guam,GUM,2019,95.43,4.57,4.57,628.57,10814.55
Guam,GUM,2020,95.32,4.68,4.68,625.73,10544.69
Guam,GUM,2021,95.4,4.6,4.6,626.44,10626.54
Guam,GUM,2022,92.22,7.78,7.78,611.11,10896.34
Guam,GUM,2023,92.22,7.78,7.78,611.11,10809.38
Guam,GUM,2024,91.4,8.6,8.6,607.53,11085.28
Guatemala,GTM,2000,49.84,50.16,0,374.61,492.41
Guatemala,GTM,2001,56.31,43.69,0,426.45,536.37
Guatemala,GTM,2002,60.36,39.64,0,454.96,512.78
Guatemala,GTM,2003,51.23,48.77,0,393.63,519.73
Guatemala,GTM,2004,49.06,50.94,0,389.41,468.48
Guatemala,GTM,2005,43.88,56.12,0,358.27,507.35
Guatemala,GTM,2006,46.51,53.49,0,368.49,582.76
Guatemala,GTM,2007,49.08,50.92,0,389.91,629.94
Guatemala,GTM,2008,45.05,54.95,0,355.99,617.86
Guatemala,GTM,2009,54.21,45.79,0,405.16,622.55
Guatemala,GTM,2010,36.31,63.69,0,316.74,624.82
Guatemala,GTM,2011,37.33,62.67,0,315.07,614.52
Guatemala,GTM,2012,33.33,66.67,0,295.94,622.28
Guatemala,GTM,2013,32.41,67.59,0,301.38,636.89
Guatemala,GTM,2014,31.58,68.42,0.09,300.75,646.61
Guatemala,GTM,2015,38.85,61.15,2.42,368.85,668.05
Guatemala,GTM,2016,38.2,61.8,3.46,371.84,692.74
Guatemala,GTM,2017,31.36,68.64,3.4,312.8,686.29
Guatemala,GTM,2018,33.89,66.11,3.92,340.38,687.42
Guatemala,GTM,2019,36.14,63.86,4.41,363.78,681.13
Guatemala,GTM,2020,24.23,75.77,4.27,265.7,711.51
Guatemala,GTM,2021,26.5,73.5,3.56,285.71,880.75
Guatemala,GTM,2022,15.36,84.64,4.01,191.4,776.56
Guatemala,GTM,2023,32.73,67.27,3.89,309.86,871.18
Guatemala,GTM,2024,31.67,68.33,4.12,301.46,888.28
Guinea,GIN,2000,49.38,50.62,0,333.33,96.1
Guinea,GIN,2001,42.71,57.29,0,291.67,112.41
Guinea,GIN,2002,41.58,58.42,0,287.13,116.44
Guinea,GIN,2003,53.49,46.51,0,360.47,96.95
Guinea,GIN,2004,38.89,61.11,0,266.67,99.31
Guinea,GIN,2005,37.98,62.02,0,265.82,85.44
Guinea,GIN,2006,36.99,63.01,0,260.27,77.32
Guinea,GIN,2007,32.05,67.95,0,217.95,80.73
Guinea,GIN,2008,35.8,64.2,0,246.91,81.83
Guinea,GIN,2009,35.0,65.0,0,237.5,78.87
Guinea,GIN,2010,23.81,76.19,0,174.6,60.6
Guinea,GIN,2011,25.45,74.55,0,181.82,51.61
Guinea,GIN,2012,32.88,67.12,0,232.88,66.84
Guinea,GIN,2013,26.15,73.85,0,184.62,58.08
Guinea,GIN,2014,40.84,59.16,0,281.69,61.88
Guinea,GIN,2015,21.05,78.95,1.75,157.9,96.88
Guinea,GIN,2016,31.68,68.32,1.24,229.81,133.35
Guinea,GIN,2017,30.51,69.49,1.13,220.34,142.91
Guinea,GIN,2018,37.63,62.37,1.03,262.89,152.7
Guinea,GIN,2019,36.1,63.9,0.98,253.66,157.28
Guinea,GIN,2020,39.11,60.89,0.81,274.19,185.47
Guinea,GIN,2021,26.92,73.08,0.55,192.31,265.49
Guinea,GIN,2022,25.5,74.5,0.75,185.0,284.59
Guinea,GIN,2023,25.5,74.5,0.75,185.0,277.67
Guinea,GIN,2024,24.81,75.19,0.74,181.14,273.13
Guinea-Bissau,GNB,2000,100.0,0.0,0,666.67,24.3
Guinea-Bissau,GNB,2001,100.0,0.0,0,500.0,15.86
Guinea-Bissau,GNB,2002,100.0,0.0,0,500.0,15.51
Guinea-Bissau,GNB,2003,100.0,0.0,0,500.0,15.16
Guinea-Bissau,GNB,2004,100.0,0.0,0,666.67,22.23
Guinea-Bissau,GNB,2005,100.0,0.0,0,666.67,21.71
Guinea-Bissau,GNB,2006,100.0,0.0,0,666.67,21.2
Guinea-Bissau,GNB,2007,100.0,0.0,0,666.67,20.68
Guinea-Bissau,GNB,2008,100.0,0.0,0,666.67,20.16
Guinea-Bissau,GNB,2009,100.0,0.0,0,666.67,19.65
Guinea-Bissau,GNB,2010,100.0,0.0,0,666.67,19.15
Guinea-Bissau,GNB,2011,100.0,0.0,0,666.67,18.66
Guinea-Bissau,GNB,2012,100.0,0.0,0,666.67,18.17
Guinea-Bissau,GNB,2013,100.0,0.0,0,500.0,11.79
Guinea-Bissau,GNB,2014,100.0,0.0,0,666.67,17.23
Guinea-Bissau,GNB,2015,100.0,0.0,0,666.67,33.59
Guinea-Bissau,GNB,2016,100.0,0.0,0,625.0,43.67
Guinea-Bissau,GNB,2017,100.0,0.0,0,625.0,42.62
Guinea-Bissau,GNB,2018,100.0,0.0,0,625.0,41.62
Guinea-Bissau,GNB,2019,100.0,0.0,0,625.0,40.66
Guinea-Bissau,GNB,2020,100.0,0.0,0,625.0,39.74
Guinea-Bissau,GNB,2021,100.0,0.0,0,625.0,38.86
Guinea-Bissau,GNB,2022,100.0,0.0,0,625.0,37.99
Guinea-Bissau,GNB,2023,100.0,0.0,0,625.0,37.15
Guinea-Bissau,GNB,2024,100.0,0.0,0,625.0,36.34
Guyana,GUY,2000,98.89,1.11,0,655.56,1176.72
Guyana,GUY,2001,98.91,1.09,0,652.17,1203.43
Guyana,GUY,2002,98.91,1.09,0,652.17,1204.73
Guyana,GUY,2003,98.78,1.22,0,646.34,1074.55
Guyana,GUY,2004,98.84,1.16,0,651.16,1127.98
Guyana,GUY,2005,98.46,1.54,0,646.15,854.23
Guyana,GUY,2006,98.48,1.51,0,651.52,869.59
Guyana,GUY,2007,98.57,1.43,0,642.86,924.86
Guyana,GUY,2008,98.59,1.41,0,647.89,940.88
Guyana,GUY,2009,98.8,1.21,0,650.6,1103.58
Guyana,GUY,2010,95.56,4.44,0,644.44,1201.19
Guyana,GUY,2011,94.74,5.26,0,631.58,1273.18
Guyana,GUY,2012,95.83,4.17,0,645.83,1286.35
Guyana,GUY,2013,95.92,4.08,0,642.86,1306.63
Guyana,GUY,2014,96.0,4.0,0,640.0,1325.85
Guyana,GUY,2015,96.04,3.96,0,643.56,1331.08
Guyana,GUY,2016,96.36,3.64,0,645.46,1440.63
Guyana,GUY,2017,96.43,3.57,0.89,642.86,1457.42
Guyana,GUY,2018,97.37,2.63,0.88,640.35,1440.19
Guyana,GUY,2019,96.52,3.48,1.74,634.78,1423.85
Guyana,GUY,2020,97.37,2.63,0.88,640.35,1411.79
Guyana,GUY,2021,96.49,3.51,0.88,640.35,1397.94
Guyana,GUY,2022,97.66,2.34,0.78,648.44,1557.86
Guyana,GUY,2023,97.1,2.9,1.45,644.93,1669.98
Guyana,GUY,2024,97.1,2.9,1.45,644.93,1660.47
Haiti,HTI,2000,48.15,51.85,0,333.33,65.04
Haiti,HTI,2001,52.54,47.46,0,355.93,69.77
Haiti,HTI,2002,52.73,47.27,0,363.64,63.9
Haiti,HTI,2003,52.83,47.17,0,358.49,60.5
Haiti,HTI,2004,52.73,47.27,0,363.64,61.73
Haiti,HTI,2005,52.73,47.27,0,363.64,60.7
Haiti,HTI,2006,52.63,47.37,0,368.42,61.84
Haiti,HTI,2007,67.39,32.61,0,434.78,49.08
Haiti,HTI,2008,63.27,36.73,0,408.16,51.41
Haiti,HTI,2009,71.83,28.17,0,478.87,73.28
Haiti,HTI,2010,75.0,25.0,0,500.0,69.36
Haiti,HTI,2011,87.88,12.12,0,575.76,99.85
Haiti,HTI,2012,80.0,20.0,0,536.36,109.24
Haiti,HTI,2013,86.67,13.33,0,571.43,102.72
Haiti,HTI,2014,91.26,8.74,0,601.94,99.29
Haiti,HTI,2015,92.23,7.77,0,611.65,97.88
Haiti,HTI,2016,93.52,6.48,0,611.11,101.2
Haiti,HTI,2017,87.74,12.26,0,575.47,97.99
Haiti,HTI,2018,81.73,18.27,0,538.46,94.87
Haiti,HTI,2019,83.96,16.04,0,556.6,95.45
Haiti,HTI,2020,86.28,13.72,0,568.63,90.72
Haiti,HTI,2021,87.38,12.62,0,572.82,90.55
Haiti,HTI,2022,81.19,18.81,0,534.65,87.8
Haiti,HTI,2023,77.65,22.35,0,505.88,73.04
Haiti,HTI,2024,81.39,18.61,0,534.88,73.05
Honduras,HND,2000,38.19,61.81,0,263.74,595.95
Honduras,HND,2001,50.38,49.62,0,345.27,624.45
Honduras,HND,2002,59.28,40.72,0,404.82,657.17
Honduras,HND,2003,58.97,41.03,0,405.98,703.73
Honduras,HND,2004,65.89,34.11,0,455.43,759.01
Honduras,HND,2005,66.91,33.09,0,452.08,746.15
Honduras,HND,2006,63.26,36.74,0,429.53,781.0
Honduras,HND,2007,62.48,37.52,0,426.07,804.1
Honduras,HND,2008,61.88,38.12,0,421.3,807.48
Honduras,HND,2009,52.62,47.38,0,371.72,831.51
Honduras,HND,2010,51.39,48.61,0,361.11,861.83
Honduras,HND,2011,53.95,46.05,1.61,382.87,879.33
Honduras,HND,2012,53.57,46.43,4.34,380.1,908.77
Honduras,HND,2013,55.91,44.09,3.78,393.42,935.96
Honduras,HND,2014,59.4,40.6,4.94,410.84,951.11
Honduras,HND,2015,55.94,44.06,12.32,394.01,991.63
Honduras,HND,2016,51.94,48.06,15.81,368.82,1019.93
Honduras,HND,2017,42.64,57.36,16.1,311.3,1022.1
Honduras,HND,2018,37.18,62.82,19.88,276.0,1031.21
Honduras,HND,2019,47.09,52.91,18.2,342.4,1097.18
Honduras,HND,2020,45.37,54.63,17.95,326.43,1029.68
Honduras,HND,2021,38.58,61.42,17.18,284.17,1100.11
Honduras,HND,2022,40.34,59.66,15.27,296.56,1100.93
Honduras,HND,2023,45.64,54.36,13.85,328.26,1186.49
Honduras,HND,2024,44.55,55.45,15.46,322.12,1166.67
Hong Kong,HKG,2000,100.0,0.0,0,792.39,6007.76
Hong Kong,HKG,2001,100.0,0.0,0,796.35,6071.53
Hong Kong,HKG,2002,100.0,0.0,0,807.19,6192.27
Hong Kong,HKG,2003,100.0,0.0,0,866.5,6242.98
Hong Kong,HKG,2004,100.0,0.0,0,829.42,6358.73
Hong Kong,HKG,2005,100.0,0.0,0,835.07,6496.36
Hong Kong,HKG,2006,100.0,0.0,0,828.75,6479.5
Hong Kong,HKG,2007,100.0,0.0,0,847.22,6569.75
Hong Kong,HKG,2008,100.0,0.0,0,825.47,6506.48
Hong Kong,HKG,2009,100.0,0.0,0,837.13,6579.41
Hong Kong,HKG,2010,99.89,0.1,0,799.9,6571.74
Hong Kong,HKG,2011,99.9,0.1,0,838.34,6628.9
Hong Kong,HKG,2012,99.9,0.1,0,812.09,6735.12
Hong Kong,HKG,2013,99.9,0.1,0,854.4,6617.27
Hong Kong,HKG,2014,99.9,0.1,0,860.59,6667.12
Hong Kong,HKG,2015,99.81,0.18,0,814.84,6573.08
Hong Kong,HKG,2016,99.63,0.37,0,815.32,6552.37
Hong Kong,HKG,2017,99.59,0.41,0.03,810.5,6470.21
Hong Kong,HKG,2018,99.59,0.41,0.03,790.27,6506.33
Hong Kong,HKG,2019,99.57,0.43,0.05,776.67,6588.46
Hong Kong,HKG,2020,99.45,0.55,0.15,684.13,6281.51
Hong Kong,HKG,2021,99.28,0.72,0.33,691.61,6517.38
Hong Kong,HKG,2022,99.09,0.91,0.5,682.27,6489.49
Hong Kong,HKG,2023,99.05,0.95,0.53,674.44,6629.28
Hong Kong,HKG,2024,98.96,1.04,0.61,675.48,6582.68
Hungary,HUN,2000,59.02,40.98,0,450.98,3790.75
Hungary,HUN,2001,60.49,39.51,0,439.04,3894.09
Hungary,HUN,2002,60.77,39.23,0,432.37,3985.81
Hungary,HUN,2003,66.77,33.23,0,468.8,4062.73
Hungary,HUN,2004,61.88,38.12,0.03,431.33,4082.97
Hungary,HUN,2005,56.08,43.92,0.03,382.66,4170.6
Hungary,HUN,2006,58.3,41.7,0.11,389.96,4284.6
Hungary,HUN,2007,58.56,41.44,0.28,385.89,4380.07
Hungary,HUN,2008,57.1,42.9,0.5,376.06,4384.7
Hungary,HUN,2009,48.98,51.02,0.92,343.92,4141.43
Hungary,HUN,2010,49.73,50.27,1.42,341.01,4264.9
Hungary,HUN,2011,48.92,51.08,1.75,341.2,4288.87
Hungary,HUN,2012,46.77,53.23,2.25,332.76,4294.81
Hungary,HUN,2013,40.04,59.96,2.44,317.48,4262.16
Hungary,HUN,2014,36.0,64.0,2.48,300.1,4337.49
Hungary,HUN,2015,37.19,62.81,2.74,299.04,4473.94
Hungary,HUN,2016,39.46,60.54,2.89,300.19,4545.12
Hungary,HUN,2017,40.52,59.48,3.37,290.71,4680.34
Hungary,HUN,2018,39.16,60.84,3.87,284.56,4747.1
Hungary,HUN,2019,38.77,61.23,6.51,266.04,4796.15
Hungary,HUN,2020,38.2,61.8,8.91,257.45,4779.75
Hungary,HUN,2021,36.56,63.44,12.35,238.5,5032.01
Hungary,HUN,2022,34.41,65.59,14.93,228.9,4949.24
Hungary,HUN,2023,28.81,71.19,21.33,196.12,4814.97
Hungary,HUN,2024,26.37,73.63,26.03,184.47,5036.1
Iceland,ISL,2000,0.0,100.0,0,26.28,27053.64
Iceland,ISL,2001,0.0,100.0,0,25.13,27924.14
Iceland,ISL,2002,0.12,99.88,0,26.35,29032.47
Iceland,ISL,2003,0.12,99.88,0,27.25,29142.03
Iceland,ISL,2004,0.0,100.0,0,26.93,29229.36
Iceland,ISL,2005,0.0,100.0,0,26.71,29004.35
Iceland,ISL,2006,0.0,100.0,0,27.41,32413.79
Iceland,ISL,2007,0.0,100.0,0,27.75,38150.31
Iceland,ISL,2008,0.0,100.0,0,26.93,51461.49
Iceland,ISL,2009,0.0,100.0,0,27.53,52445.08
Iceland,ISL,2010,0.0,100.0,0,27.48,52614.54
Iceland,ISL,2011,0.0,100.0,0,27.3,52798.31
Iceland,ISL,2012,0.0,100.0,0,27.76,53887.94
Iceland,ISL,2013,0.0,100.0,0,27.79,55543.38
Iceland,ISL,2014,0.0,100.0,0.06,28.09,54348.32
Iceland,ISL,2015,0.0,100.0,0.05,27.49,56048.73
Iceland,ISL,2016,0.0,100.0,0.06,27.52,54146.52
Iceland,ISL,2017,0.0,100.0,0.05,27.27,55510.76
Iceland,ISL,2018,0.0,100.0,0,28.44,55801.17
Iceland,ISL,2019,0.0,100.0,0.05,28.41,53672.07
Iceland,ISL,2020,0.0,100.0,0.05,28.06,51523.89
Iceland,ISL,2021,0.0,100.0,0.05,27.85,52033.16
Iceland,ISL,2022,0.0,100.0,0.05,27.68,52238.89
Iceland,ISL,2023,0.0,100.0,0.05,27.76,51114.8
Iceland,ISL,2024,0.0,100.0,0.1,27.82,48423.5
India,IND,2000,83.19,16.81,0.28,740.04,541.33
India,IND,2001,83.78,16.22,0.36,747.39,544.93
India,IND,2002,84.89,15.11,0.35,755.76,556.66
India,IND,2003,85.46,14.54,0.41,758.01,572.9
India,IND,2004,81.32,18.68,0.75,723.79,616.22
India,IND,2005,82.23,17.77,0.85,734.03,611.49
India,IND,2006,80.5,19.5,1.26,723.04,637.04
India,IND,2007,79.96,20.04,1.48,717.87,672.89
India,IND,2008,81.39,18.61,1.74,733.08,690.64
India,IND,2009,82.92,17.08,1.86,744.55,721.27
India,IND,2010,82.42,17.58,2.09,739.43,757.5
India,IND,2011,80.22,19.78,2.4,722.11,822.57
India,IND,2012,82.09,17.91,2.71,742.86,854.84
India,IND,2013,81.05,18.95,2.93,738.99,883.74
India,IND,2014,81.47,18.53,3.05,743.22,959.59
India,IND,2015,82.45,17.55,3.04,750.63,986.92
India,IND,2016,82.84,17.16,3.99,751.87,1037.13
India,IND,2017,81.99,18.01,5.13,743.09,1074.39
India,IND,2018,81.22,18.78,6.22,737.72,1140.51
India,IND,2019,79.56,20.44,6.29,722.66,1150.33
India,IND,2020,78.14,21.86,7.25,709.06,1114.57
India,IND,2021,78.59,21.41,7.96,715.34,1187.02
India,IND,2022,77.25,22.75,9.2,705.75,1264.8
India,IND,2023,78.2,21.8,10.3,713.36,1332.48
India,IND,2024,77.51,22.49,11.03,705.4,1402.01
Indonesia,IDN,2000,80.01,19.99,0,630.66,453.73
Indonesia,IDN,2001,79.1,20.9,0,626.04,484.53
Indonesia,IDN,2002,81.42,18.58,0,643.49,508.99
Indonesia,IDN,2003,83.12,16.88,0,656.53,521.62
Indonesia,IDN,2004,83.19,16.81,0,653.71,547.46
Indonesia,IDN,2005,82.95,17.05,0,650.54,575.6
Indonesia,IDN,2006,84.65,15.35,0,668.12,589.87
Indonesia,IDN,2007,83.63,16.37,0,663.14,626.0
Indonesia,IDN,2008,83.11,16.89,0,652.98,649.16
Indonesia,IDN,2009,83.55,16.45,0,660.65,669.64
Indonesia,IDN,2010,80.5,19.5,0,636.91,720.89
Indonesia,IDN,2011,84.12,15.88,0,667.24,769.15
Indonesia,IDN,2012,85.11,14.89,0,687.12,826.91
Indonesia,IDN,2013,84.23,15.77,0.0,682.17,880.12
Indonesia,IDN,2014,85.51,14.49,0.0,691.59,917.62
Indonesia,IDN,2015,86.2,13.79,0.0,696.32,929.3
Indonesia,IDN,2016,84.63,15.37,0.01,689.03,975.86
Indonesia,IDN,2017,83.75,16.25,0.01,688.49,998.52
Indonesia,IDN,2018,82.95,17.05,0.1,684.06,1056.82
Indonesia,IDN,2019,83.74,16.26,0.2,693.81,1090.39
Indonesia,IDN,2020,81.88,18.12,0.22,685.15,1067.52
Indonesia,IDN,2021,81.83,18.17,0.2,684.41,1121.3
Indonesia,IDN,2022,80.39,19.61,0.24,675.81,1199.08
Indonesia,IDN,2023,81.4,18.6,0.34,680.8,1250.01
Indonesia,IDN,2024,81.91,18.09,0.49,680.25,1313.99
Iran,IRN,2000,96.8,3.2,0.03,667.45,1786.7
Iran,IRN,2001,96.75,3.25,0.02,667.76,1887.12
Iran,IRN,2002,94.18,5.82,0.02,651.81,2035.1
Iran,IRN,2003,93.66,6.34,0.02,648.99,2213.49
Iran,IRN,2004,92.64,7.36,0.03,641.56,2321.36
Iran,IRN,2005,91.8,8.2,0.04,636.3,2455.71
Iran,IRN,2006,90.36,9.64,0.07,624.72,2632.41
Iran,IRN,2007,91.09,8.91,0.07,630.86,2713.58
Iran,IRN,2008,96.37,3.63,0.1,662.36,2758.42
Iran,IRN,2009,96.87,3.13,0.1,666.83,2847.71
Iran,IRN,2010,95.58,4.42,0.07,661.24,2996.48
Iran,IRN,2011,95.32,4.68,0.09,654.06,2941.69
Iran,IRN,2012,94.27,5.73,0.11,648.35,3044.07
Iran,IRN,2013,92.61,7.39,0.09,633.62,3121.07
Iran,IRN,2014,93.17,6.83,0.07,644.12,3309.61
Iran,IRN,2015,93.97,6.03,0.05,650.84,3359.62
Iran,IRN,2016,92.29,7.71,0.06,642.13,3384.59
Iran,IRN,2017,91.93,8.07,0.13,641.68,3538.3
Iran,IRN,2018,94.33,5.67,0.31,657.88,3583.92
Iran,IRN,2019,86.98,13.02,0.39,607.82,3584.31
Iran,IRN,2020,90.73,9.27,0.51,632.81,3766.5
Iran,IRN,2021,94.63,5.37,0.49,659.83,3952.38
Iran,IRN,2022,93.91,6.09,0.48,655.37,4028.07
Iran,IRN,2023,91.79,8.21,0.49,641.38,4141.88
Iran,IRN,2024,92.82,7.18,0.54,648.68,4296.16
Iraq,IRQ,2000,98.09,1.91,0,658.31,1306.09
Iraq,IRQ,2001,98.08,1.92,0,656.43,1279.87
Iraq,IRQ,2002,98.46,1.54,0,657.12,1301.98
Iraq,IRQ,2003,98.48,1.52,0,655.49,1056.98
Iraq,IRQ,2004,98.48,1.52,0,652.21,1218.73
Iraq,IRQ,2005,80.26,19.74,0,554.93,1113.79
Iraq,IRQ,2006,81.97,18.03,0,571.68,1276.19
Iraq,IRQ,2007,82.73,17.27,0,574.61,1248.26
Iraq,IRQ,2008,90.56,9.44,0,631.24,1375.51
Iraq,IRQ,2009,91.47,8.53,0,635.93,1445.2
Iraq,IRQ,2010,90.25,9.75,0,616.64,1791.89
Iraq,IRQ,2011,93.69,6.31,0,640.26,1900.72
Iraq,IRQ,2012,90.46,9.54,0,612.34,1669.6
Iraq,IRQ,2013,91.83,8.17,0.09,620.2,1931.3
Iraq,IRQ,2014,95.67,4.33,0.09,645.23,2131.05
Iraq,IRQ,2015,96.31,3.69,0.09,654.45,2124.84
Iraq,IRQ,2016,95.81,4.19,0.07,648.48,2341.33
Iraq,IRQ,2017,97.61,2.39,0.06,666.81,2522.28
Iraq,IRQ,2018,98.09,1.91,0.06,682.05,2560.25
Iraq,IRQ,2019,95.64,4.36,0.05,668.87,2955.9
Iraq,IRQ,2020,96.12,3.88,0.32,674.18,2957.74
Iraq,IRQ,2021,96.9,3.1,0.32,677.74,2915.17
Iraq,IRQ,2022,97.74,2.26,0.28,688.71,3117.5
Iraq,IRQ,2023,98.79,1.21,0.26,685.13,3368.46
Iraq,IRQ,2024,98.38,1.62,0.29,683.1,3406.24
Ireland,IRL,2000,94.96,5.04,1.06,632.67,6240.48
Ireland,IRL,2001,95.77,4.23,1.38,641.32,6300.83
Ireland,IRL,2002,94.44,5.57,1.57,615.73,6440.21
Ireland,IRL,2003,95.37,4.63,1.85,595.65,6511.5
Ireland,IRL,2004,94.41,5.59,2.66,591.27,6583.76
Ireland,IRL,2005,92.62,7.38,4.41,592.97,6651.77
Ireland,IRL,2006,90.78,9.22,6.09,559.41,6765.41
Ireland,IRL,2007,89.99,10.01,7.02,535.61,6757.68
Ireland,IRL,2008,87.84,12.16,8.19,516.87,6772.19
Ireland,IRL,2009,85.13,14.87,10.72,486.78,6339.12
Ireland,IRL,2010,86.61,13.39,10.16,478.69,6279.77
Ireland,IRL,2011,79.78,20.22,16.36,455.88,6046.38
Ireland,IRL,2012,80.41,19.59,15.02,483.06,5993.3
Ireland,IRL,2013,77.71,22.29,18.03,462.92,6024.19
Ireland,IRL,2014,74.98,25.02,20.19,446.25,6013.01
Ireland,IRL,2015,71.7,28.3,23.72,439.28,6130.78
Ireland,IRL,2016,74.88,25.12,20.63,442.57,6224.88
Ireland,IRL,2017,70.74,29.26,24.62,404.03,6259.54
Ireland,IRL,2018,66.69,33.31,28.35,362.44,6364.21
Ireland,IRL,2019,61.29,38.71,33.07,311.95,6386.96
Ireland,IRL,2020,57.56,42.44,36.69,291.05,6424.35
Ireland,IRL,2021,62.95,37.05,31.57,351.92,6628.31
Ireland,IRL,2022,60.79,39.21,34.15,330.87,6661.43
Ireland,IRL,2023,54.74,45.26,39.65,282.41,6700.5
Ireland,IRL,2024,53.48,46.52,40.83,270.91,6877.24
Israel,ISR,2000,99.93,0.07,0,794.42,6741.73
Israel,ISR,2001,99.95,0.05,0.02,807.51,6797.15
Israel,ISR,2002,99.93,0.07,0.02,811.65,6905.44
Israel,ISR,2003,99.92,0.09,0.02,810.8,7007.73
Israel,ISR,2004,99.92,0.09,0.02,803.72,6926.59
Israel,ISR,2005,99.92,0.08,0.02,796.13,6976.59
Israel,ISR,2006,99.96,0.04,0.02,783.43,7118.61
Israel,ISR,2007,99.96,0.04,0.02,779.33,7426.98
Israel,ISR,2008,99.93,0.07,0.02,758.41,7500.05
Israel,ISR,2009,99.84,0.16,0.05,753.88,7070.4
Israel,ISR,2010,99.71,0.29,0.14,740.73,7439.28
Israel,ISR,2011,99.5,0.5,0.34,744.46,7412.64
Israel,ISR,2012,99.22,0.78,0.6,761.78,7700.01
Israel,ISR,2013,99.07,0.93,0.82,719.83,7308.98
Israel,ISR,2014,98.42,1.58,1.46,705.39,7093.68
Israel,ISR,2015,98.1,1.9,1.76,692.67,7330.26
Israel,ISR,2016,97.46,2.54,2.37,662.14,7485.99
Israel,ISR,2017,97.49,2.51,2.51,653.17,7389.56
Israel,ISR,2018,97.28,2.72,2.54,643.58,7421.8
Israel,ISR,2019,95.17,4.83,4.68,634.03,7669.68
Israel,ISR,2020,93.9,6.1,5.91,615.21,7556.49
Israel,ISR,2021,92.15,7.85,7.69,596.33,7559.05
Israel,ISR,2022,90.28,9.72,9.55,583.32,7684.16
Israel,ISR,2023,88.21,11.79,11.65,558.83,7616.43
Israel,ISR,2024,86.19,13.81,13.66,540.55,7883.23
Italy,ITA,2000,81.16,18.84,0.21,501.67,5487.65
Italy,ITA,2001,80.01,19.99,0.44,498.68,5588.97
Italy,ITA,2002,82.59,17.41,0.51,523.08,5714.5
Italy,ITA,2003,83.63,16.37,0.52,523.25,5840.69
Italy,ITA,2004,81.66,18.34,0.64,510.98,5832.92
Italy,ITA,2005,83.56,16.44,0.8,510.17,5874.6
Italy,ITA,2006,83.43,16.57,0.98,506.76,5967.21
Italy,ITA,2007,84.41,15.59,1.33,504.75,5962.74
Italy,ITA,2008,81.33,18.67,1.62,485.51,5903.12
Italy,ITA,2009,75.81,24.19,2.52,458.58,5530.85
Italy,ITA,2010,74.05,25.95,3.72,446.45,5664.33
Italy,ITA,2011,72.2,27.8,6.92,445.59,5700.05
Italy,ITA,2012,68.77,31.23,10.93,438.17,5589.65
Italy,ITA,2013,60.84,39.16,12.76,398.96,5410.37
Italy,ITA,2014,56.36,43.64,13.56,379.31,5279.06
Italy,ITA,2015,61.07,38.93,13.51,398.68,5383.05
Italy,ITA,2016,62.23,37.77,13.91,389.58,5340.44
Italy,ITA,2017,64.43,35.57,14.42,392.82,5461.97
Italy,ITA,2018,60.01,39.99,14.11,366.88,5474.02
Italy,ITA,2019,60.06,39.94,15.14,351.32,5457.0
Italy,ITA,2020,57.77,42.23,15.79,334.2,5157.67
Italy,ITA,2021,59.25,40.75,16.1,339.1,5496.12
Italy,ITA,2022,64.14,35.86,17.35,377.84,5420.41
Italy,ITA,2023,55.45,44.55,20.76,323.23,5257.19
Italy,ITA,2024,49.83,50.17,21.76,281.4,5368.13
Jamaica,JAM,2000,95.42,4.58,0,633.68,2596.03
Jamaica,JAM,2001,96.61,3.39,0,642.12,2587.25
Jamaica,JAM,2002,97.84,2.15,0,645.12,2635.78
Jamaica,JAM,2003,97.49,2.51,0,643.45,2702.67
Jamaica,JAM,2004,96.83,3.17,0.41,640.0,2713.09
Jamaica,JAM,2005,96.39,3.61,0.67,637.22,2779.98
Jamaica,JAM,2006,96.27,3.73,0.67,636.0,2776.78
Jamaica,JAM,2007,95.05,4.95,0.82,628.71,2233.03
Jamaica,JAM,2008,93.85,6.15,1.18,619.39,1551.93
Jamaica,JAM,2009,92.5,7.5,1.36,615.91,1607.6
Jamaica,JAM,2010,92.36,7.64,1.16,615.74,1571.72
Jamaica,JAM,2011,91.28,8.72,2.06,607.8,1579.43
Jamaica,JAM,2012,89.79,10.21,2.55,600.93,1554.59
Jamaica,JAM,2013,90.68,9.32,2.8,603.73,1541.12
Jamaica,JAM,2014,90.14,9.86,3.05,600.94,1524.83
Jamaica,JAM,2015,89.72,10.28,3.27,600.47,1527.19
Jamaica,JAM,2016,87.75,12.25,4.9,587.97,1597.91
Jamaica,JAM,2017,88.36,11.64,6.62,579.91,1555.53
Jamaica,JAM,2018,85.35,14.65,8.84,558.08,1404.2
Jamaica,JAM,2019,87.28,12.72,7.76,571.12,1643.48
Jamaica,JAM,2020,86.22,13.79,9.35,553.74,1511.97
Jamaica,JAM,2021,86.67,13.33,8.97,556.32,1532.94
Jamaica,JAM,2022,87.08,12.92,8.91,561.25,1581.46
Jamaica,JAM,2023,87.84,12.16,8.38,563.94,1679.7
Jamaica,JAM,2024,87.4,12.6,8.94,563.01,1732.89
Japan,JPN,2000,61.79,38.21,0.04,424.43,8656.92
Japan,JPN,2001,61.33,38.67,0.07,424.02,8511.23
Japan,JPN,2002,62.57,37.43,0.1,433.73,8652.57
Japan,JPN,2003,68.68,31.32,0.16,476.32,8557.84
Japan,JPN,2004,64.47,35.52,0.24,450.26,8771.92
Japan,JPN,2005,65.67,34.33,0.31,461.8,9014.46
Japan,JPN,2006,64.03,35.97,0.35,447.25,9096.68
Japan,JPN,2007,67.73,32.27,0.43,470.19,9213.3
Japan,JPN,2008,70.12,29.88,0.47,485.22,9236.4
Japan,JPN,2009,66.61,33.39,0.58,460.21,8690.21
Japan,JPN,2010,64.48,35.52,0.68,446.66,9018.51
Japan,JPN,2011,74.97,25.03,0.9,505.34,8620.07
Japan,JPN,2012,88.32,11.68,1.09,594.53,8652.35
Japan,JPN,2013,87.58,12.43,1.66,595.9,8516.51
Japan,JPN,2014,87.4,12.6,2.69,591.53,8335.93
Japan,JPN,2015,84.61,15.39,3.86,578.05,8093.6
Japan,JPN,2016,84.07,15.93,4.58,567.04,8365.06
Japan,JPN,2017,82.14,17.86,5.6,558.03,8474.9
Japan,JPN,2018,79.27,20.73,6.33,541.47,8532.82
Japan,JPN,2019,76.89,23.11,7.15,528.49,8266.81
Japan,JPN,2020,76.65,23.34,8.34,527.75,8004.7
Japan,JPN,2021,73.97,26.03,9.06,514.49,8232.62
Japan,JPN,2022,74.54,25.46,9.66,519.6,8324.72
Japan,JPN,2023,70.17,29.83,10.56,492.45,8094.57
Japan,JPN,2024,68.71,31.29,10.65,483.43,8213.05
Jordan,JOR,2000,99.46,0.54,0,658.07,1446.09
Jordan,JOR,2001,99.47,0.53,0,657.83,1418.47
Jordan,JOR,2002,99.38,0.62,0,656.4,1502.83
Jordan,JOR,2003,99.38,0.62,0,657.53,1567.44
Jordan,JOR,2004,99.33,0.67,0,670.76,1657.58
Jordan,JOR,2005,99.38,0.62,0,672.54,1723.17
Jordan,JOR,2006,99.46,0.54,0,678.96,1801.67
Jordan,JOR,2007,99.45,0.55,0,682.78,1883.63
Jordan,JOR,2008,99.5,0.49,0,684.1,2055.83
Jordan,JOR,2009,99.51,0.49,0,686.28,2033.11
Jordan,JOR,2010,99.53,0.47,0,679.97,2109.07
Jordan,JOR,2011,99.59,0.41,0,664.62,2177.68
Jordan,JOR,2012,99.58,0.42,0,661.24,2276.22
Jordan,JOR,2013,99.65,0.35,0,664.54,2199.75
Jordan,JOR,2014,99.62,0.38,0,657.91,2120.18
Jordan,JOR,2015,98.79,1.21,0.89,666.84,2054.54
Jordan,JOR,2016,95.63,4.37,4.17,659.89,1994.73
Jordan,JOR,2017,93.26,6.74,6.54,643.41,2029.46
Jordan,JOR,2018,89.4,10.6,10.51,621.01,1955.59
Jordan,JOR,2019,85.58,14.42,14.32,596.69,1936.86
Jordan,JOR,2020,81.06,18.94,18.84,566.67,1922.65
Jordan,JOR,2021,77.01,22.99,22.89,540.26,1950.06
Jordan,JOR,2022,76.87,23.13,23.04,539.21,2011.32
Jordan,JOR,2023,78.04,21.96,21.88,542.28,2084.06
Jordan,JOR,2024,75.92,24.08,24.0,529.79,2054.03
Kazakhstan,KAZ,2000,85.42,14.58,0,781.18,3526.2
Kazakhstan,KAZ,2001,85.41,14.59,0,783.68,3671.14
Kazakhstan,KAZ,2002,84.76,15.24,0,775.24,3750.48
Kazakhstan,KAZ,2003,86.5,13.5,0,793.77,3961.93
Kazakhstan,KAZ,2004,87.96,12.04,0,813.0,4087.02
Kazakhstan,KAZ,2005,88.43,11.57,0,811.69,4245.33
Kazakhstan,KAZ,2006,89.16,10.84,0,804.77,4463.56
Kazakhstan,KAZ,2007,89.34,10.66,0,802.53,4717.91
Kazakhstan,KAZ,2008,90.72,9.28,0,832.11,4909.13
Kazakhstan,KAZ,2009,91.26,8.74,0,848.72,4696.79
Kazakhstan,KAZ,2010,90.3,9.7,0,835.57,4977.78
Kazakhstan,KAZ,2011,90.9,9.1,0,841.65,5119.54
Kazakhstan,KAZ,2012,91.57,8.43,0,852.68,5312.57
Kazakhstan,KAZ,2013,91.65,8.35,0,854.88,5226.55
Kazakhstan,KAZ,2014,91.26,8.74,0.01,851.44,5246.32
Kazakhstan,KAZ,2015,89.69,10.31,0.2,836.12,5067.97
Kazakhstan,KAZ,2016,87.34,12.66,0.38,814.96,5085.06
Kazakhstan,KAZ,2017,88.71,11.29,0.42,831.85,5294.89
Kazakhstan,KAZ,2018,89.83,10.17,0.49,841.16,5482.57
Kazakhstan,KAZ,2019,89.58,10.41,1.03,839.41,5383.78
Kazakhstan,KAZ,2020,89.01,10.99,2.09,835.88,5538.41
Kazakhstan,KAZ,2021,89.06,10.94,2.94,833.25,5800.36
Kazakhstan,KAZ,2022,88.29,11.71,3.6,831.01,5734.58
Kazakhstan,KAZ,2023,87.27,12.73,4.97,826.66,5689.1
Kazakhstan,KAZ,2024,84.79,15.21,5.72,802.04,5872.02
Kenya,KEN,2000,59.63,40.37,0,403.71,147.18
Kenya,KEN,2001,40.54,59.46,0,282.74,157.5
Kenya,KEN,2002,23.3,76.7,0,188.35,164.57
Kenya,KEN,2003,18.07,81.93,0,156.93,168.49
Kenya,KEN,2004,29.55,70.45,0,228.9,182.06
Kenya,KEN,2005,33.28,66.72,0,250.75,187.17
Kenya,KEN,2006,37.15,62.85,0,274.3,202.42
Kenya,KEN,2007,25.94,74.06,0,203.9,174.31
Kenya,KEN,2008,27.32,72.68,0,214.63,156.35
Kenya,KEN,2009,39.39,60.61,0.15,290.08,162.34
Kenya,KEN,2010,25.56,74.44,0.28,199.72,172.12
Kenya,KEN,2011,30.78,69.22,0.38,233.72,183.12
Kenya,KEN,2012,22.52,77.48,0.24,179.93,186.38
Kenya,KEN,2013,21.66,78.34,0.49,174.51,179.61
Kenya,KEN,2014,23.59,76.41,0.76,188.04,202.6
Kenya,KEN,2015,10.19,89.81,1.12,103.98,208.54
Kenya,KEN,2016,10.74,89.26,1.24,108.47,202.12
Kenya,KEN,2017,19.11,80.89,1.2,163.44,224.6
Kenya,KEN,2018,13.72,86.28,4.16,117.7,226.86
Kenya,KEN,2019,11.33,88.67,14.27,102.94,229.68
Kenya,KEN,2020,6.42,93.58,12.16,71.92,225.98
Kenya,KEN,2021,10.18,89.82,17.45,96.12,237.7
Kenya,KEN,2022,12.19,87.81,19.75,109.57,244.41
Kenya,KEN,2023,10.23,89.77,20.23,96.88,247.38
Kenya,KEN,2024,8.52,91.48,21.34,85.22,261.37
Kiribati,KIR,2000,100.0,0.0,0,1000.0,112.83
Kiribati,KIR,2001,100.0,0.0,0,500.0,221.36
Kiribati,KIR,2002,100.0,0.0,0,500.0,216.73
Kiribati,KIR,2003,100.0,0.0,0,500.0,212.34
Kiribati,KIR,2004,100.0,0.0,0,500.0,208.12
Kiribati,KIR,2005,100.0,0.0,0,500.0,203.99
Kiribati,KIR,2006,100.0,0.0,0,666.67,299.92
Kiribati,KIR,2007,100.0,0.0,0,666.67,293.88
Kiribati,KIR,2008,100.0,0.0,0,500.0,191.87
Kiribati,KIR,2009,100.0,0.0,0,500.0,187.83
Kiribati,KIR,2010,100.0,0.0,0,500.0,183.96
Kiribati,KIR,2011,100.0,0.0,0,500.0,180.73
Kiribati,KIR,2012,100.0,0.0,0,500.0,178.1
Kiribati,KIR,2013,100.0,0.0,0,666.67,263.51
Kiribati,KIR,2014,100.0,0.0,0,666.67,260.1
Kiribati,KIR,2015,100.0,0.0,0,666.67,256.79
Kiribati,KIR,2016,100.0,0.0,0,666.67,253.19
Kiribati,KIR,2017,100.0,0.0,0,666.67,249.4
Kiribati,KIR,2018,100.0,0.0,0,666.67,245.71
Kiribati,KIR,2019,75.0,25.0,25.0,500.0,322.77
Kiribati,KIR,2020,75.0,25.0,25.0,500.0,317.18
Kiribati,KIR,2021,75.0,25.0,25.0,500.0,311.56
Kiribati,KIR,2022,75.0,25.0,25.0,500.0,306.55
Kiribati,KIR,2023,75.0,25.0,25.0,500.0,301.8
Kiribati,KIR,2024,75.0,25.0,25.0,500.0,297.35
Kuwait,KWT,2000,100.0,0.0,0,653.88,16539.51
Kuwait,KWT,2001,100.0,0.0,0,653.94,17080.59
Kuwait,KWT,2002,100.0,0.0,0,655.21,17655.48
Kuwait,KWT,2003,100.0,0.0,0,654.77,18863.58
Kuwait,KWT,2004,100.0,0.0,0,654.39,19125.5
Kuwait,KWT,2005,100.0,0.0,0,654.7,19550.28
Kuwait,KWT,2006,100.0,0.0,0,653.78,20129.05
Kuwait,KWT,2007,100.0,0.0,0,653.74,19438.65
Kuwait,KWT,2008,100.0,0.0,0,653.14,19517.75
Kuwait,KWT,2009,100.0,0.0,0,654.27,19037.81
Kuwait,KWT,2010,100.0,0.0,0,653.34,19375.72
Kuwait,KWT,2011,100.0,0.0,0,652.63,18341.33
Kuwait,KWT,2012,100.0,0.0,0,651.01,18315.72
Kuwait,KWT,2013,99.98,0.02,0.02,651.91,17387.19
Kuwait,KWT,2014,99.98,0.01,0.01,650.96,17772.53
Kuwait,KWT,2015,99.98,0.01,0.01,650.51,17812.13
Kuwait,KWT,2016,99.97,0.03,0.03,650.07,17507.6
Kuwait,KWT,2017,99.94,0.06,0.06,650.6,16581.28
Kuwait,KWT,2018,99.88,0.12,0.12,650.07,17146.27
Kuwait,KWT,2019,99.87,0.13,0.13,649.52,16892.53
Kuwait,KWT,2020,99.88,0.12,0.12,650.19,16963.07
Kuwait,KWT,2021,99.74,0.26,0.26,649.63,18528.93
Kuwait,KWT,2022,97.77,2.23,2.23,636.89,18583.67
Kuwait,KWT,2023,97.87,2.13,2.13,636.14,18550.13
Kuwait,KWT,2024,97.76,2.24,2.24,635.2,18743.51
Kyrgyzstan,KGZ,2000,14.51,85.49,0,101.58,2590.97
Kyrgyzstan,KGZ,2001,16.88,83.12,0,110.74,2557.2
Kyrgyzstan,KGZ,2002,17.72,82.28,0,107.09,2404.1
Kyrgyzstan,KGZ,2003,13.34,86.66,0,89.38,2680.53
Kyrgyzstan,KGZ,2004,13.68,86.32,0,89.73,2465.86
Kyrgyzstan,KGZ,2005,14.52,85.48,0,132.34,2312.09
Kyrgyzstan,KGZ,2006,15.12,84.88,0,135.4,2279.24
Kyrgyzstan,KGZ,2007,14.22,85.78,0,138.1,2318.68
Kyrgyzstan,KGZ,2008,14.29,85.71,0,142.0,2043.97
Kyrgyzstan,KGZ,2009,7.92,92.08,0,81.97,1811.78
Kyrgyzstan,KGZ,2010,8.26,91.74,0,85.91,1871.89
Kyrgyzstan,KGZ,2011,6.73,93.27,0,75.28,2205.72
Kyrgyzstan,KGZ,2012,6.59,93.41,0,78.51,2347.05
Kyrgyzstan,KGZ,2013,6.61,93.39,0,82.62,2375.25
Kyrgyzstan,KGZ,2014,8.8,91.2,0,98.41,2482.06
Kyrgyzstan,KGZ,2015,14.94,85.06,0,154.8,2244.3
Kyrgyzstan,KGZ,2016,13.46,86.54,0,139.16,2174.03
Kyrgyzstan,KGZ,2017,8.52,91.48,0,97.59,2274.86
Kyrgyzstan,KGZ,2018,8.17,91.83,0,95.27,2314.82
Kyrgyzstan,KGZ,2019,8.42,91.58,0,98.2,2305.19
Kyrgyzstan,KGZ,2020,9.22,90.78,0,105.2,2318.38
Kyrgyzstan,KGZ,2021,14.4,85.6,0,151.26,2385.46
Kyrgyzstan,KGZ,2022,13.89,86.11,0,146.89,2324.68
Kyrgyzstan,KGZ,2023,13.53,86.47,0,139.71,2396.26
Kyrgyzstan,KGZ,2024,11.22,88.78,0,119.21,2678.82
Laos,LAO,2000,10.14,89.86,0,87.67,191.49
Laos,LAO,2001,10.08,89.92,0,87.19,179.3
Laos,LAO,2002,10.08,89.92,0,89.64,183.57
Laos,LAO,2003,10.16,89.84,0,88.89,196.56
Laos,LAO,2004,0.0,100.0,0,23.33,143.56
Laos,LAO,2005,0.0,100.0,0,22.79,228.3
Laos,LAO,2006,0.0,100.0,0,25.0,291.79
Laos,LAO,2007,0.0,100.0,0,23.74,399.59
Laos,LAO,2008,0.0,100.0,0,24.19,365.92
Laos,LAO,2009,0.0,100.0,0,23.74,419.76
Laos,LAO,2010,0.0,100.0,0,23.92,460.99
Laos,LAO,2011,0.0,100.0,0,24.14,477.7
Laos,LAO,2012,0.0,100.0,0,23.98,598.25
Laos,LAO,2013,0.0,100.0,0,23.44,626.19
Laos,LAO,2014,0.0,100.0,0,23.81,707.13
Laos,LAO,2015,13.98,86.02,0,148.52,979.17
Laos,LAO,2016,31.23,68.77,0,302.86,969.78
Laos,LAO,2017,35.18,64.82,0.03,338.59,950.39
Laos,LAO,2018,34.92,65.08,0.06,336.14,1053.59
Laos,LAO,2019,36.52,63.48,0.13,350.51,1170.27
Laos,LAO,2020,28.4,71.6,0.1,278.03,1441.5
Laos,LAO,2021,26.46,73.54,0.16,260.36,1546.99
Laos,LAO,2022,23.86,76.14,0.16,237.27,1580.89
Laos,LAO,2023,23.29,76.71,0.15,232.12,2230.92
Laos,LAO,2024,23.28,76.72,0.17,232.08,2009.06
Latvia,LVA,2000,31.88,68.12,0,147.34,2503.89
Latvia,LVA,2001,33.72,66.28,0,147.54,2630.12
Latvia,LVA,2002,37.53,62.47,0.25,166.25,2734.32
Latvia,LVA,2003,41.06,58.94,1.26,171.29,2883.38
Latvia,LVA,2004,31.77,68.23,1.07,136.46,2998.88
Latvia,LVA,2005,30.49,69.51,1.02,130.08,3156.55
Latvia,LVA,2006,42.95,57.05,1.02,171.78,3334.78
Latvia,LVA,2007,40.76,59.24,1.05,163.87,3526.03
Latvia,LVA,2008,39.09,60.91,1.14,157.5,3577.15
Latvia,LVA,2009,36.09,63.91,0.9,147.22,3370.61
Latvia,LVA,2010,45.1,54.9,0.75,179.49,3575.12
Latvia,LVA,2011,49.42,50.58,1.15,197.04,3558.36
Latvia,LVA,2012,33.39,66.61,1.78,145.87,3863.09
Latvia,LVA,2013,43.06,56.94,1.94,187.1,3755.58
Latvia,LVA,2014,45.52,54.48,2.72,202.34,3740.94
Latvia,LVA,2015,49.82,50.18,2.71,220.22,3721.17
Latvia,LVA,2016,45.79,54.21,2.02,204.05,3801.29
Latvia,LVA,2017,27.49,72.51,1.99,140.77,3845.36
Latvia,LVA,2018,48.06,51.94,1.79,215.77,3958.32
Latvia,LVA,2019,50.47,49.53,2.33,223.6,3949.29
Latvia,LVA,2020,36.36,63.64,3.15,176.57,3866.14
Latvia,LVA,2021,36.41,63.59,2.56,176.07,4041.17
Latvia,LVA,2022,24.06,75.94,5.37,135.19,3902.06
Latvia,LVA,2023,22.26,77.74,7.99,119.12,3814.28
Latvia,LVA,2024,26.54,73.46,12.95,134.28,3953.26
Lebanon,LBN,2000,95.58,4.42,0,630.15,2621.64
Lebanon,LBN,2001,96.68,3.32,0,637.19,2546.61
Lebanon,LBN,2002,94.2,5.8,0,621.65,2706.39
Lebanon,LBN,2003,89.56,10.44,0,591.65,2857.14
Lebanon,LBN,2004,90.3,9.7,0,597.03,2535.18
Lebanon,LBN,2005,91.13,8.87,0,601.02,2609.66
Lebanon,LBN,2006,93.91,6.09,0,619.59,2580.43
Lebanon,LBN,2007,94.51,5.49,0,622.52,2382.27
Lebanon,LBN,2008,97.03,2.97,0,639.36,2641.43
Lebanon,LBN,2009,95.22,4.78,0,626.35,2830.36
Lebanon,LBN,2010,94.72,5.28,0,619.99,3364.22
Lebanon,LBN,2011,95.09,4.91,0,626.99,3363.41
Lebanon,LBN,2012,93.92,6.08,0,619.08,3204.89
Lebanon,LBN,2013,93.3,6.7,0,615.43,3363.84
Lebanon,LBN,2014,98.83,1.17,0.11,650.53,2853.32
Lebanon,LBN,2015,97.32,2.68,0.16,641.09,2921.61
Lebanon,LBN,2016,97.78,2.21,0.26,644.0,3080.79
Lebanon,LBN,2017,97.74,2.26,0.33,643.77,3535.64
Lebanon,LBN,2018,97.79,2.21,0.47,644.27,3557.75
Lebanon,LBN,2019,94.81,5.19,0.6,625.75,3741.41
Lebanon,LBN,2020,93.26,6.74,0.82,615.89,3200.41
Lebanon,LBN,2021,90.72,9.28,3.1,599.61,1948.19
Lebanon,LBN,2022,54.46,45.54,29.06,379.86,760.73
Lebanon,LBN,2023,65.92,34.08,22.45,449.05,1087.73
Lebanon,LBN,2024,56.18,43.82,30.15,389.51,919.74
Lesotho,LSO,2000,0.0,100.0,0,34.48,144.72
Lesotho,LSO,2001,0.0,100.0,0,35.71,149.94
Lesotho,LSO,2002,0.0,100.0,0,32.26,145.39
Lesotho,LSO,2003,0.0,100.0,0,31.25,161.2
Lesotho,LSO,2004,0.0,100.0,0,33.33,162.34
Lesotho,LSO,2005,0.0,100.0,0,21.74,230.41
Lesotho,LSO,2006,0.0,100.0,0,19.23,282.77
Lesotho,LSO,2007,0.0,100.0,0,18.18,302.06
Lesotho,LSO,2008,0.0,100.0,0,17.24,320.36
Lesotho,LSO,2009,0.0,100.0,0,30.77,388.71
Lesotho,LSO,2010,0.0,100.0,0,28.99,445.83
Lesotho,LSO,2011,0.0,100.0,0,20.41,352.53
Lesotho,LSO,2012,0.0,100.0,0,20.41,383.41
Lesotho,LSO,2013,0.0,100.0,0,19.61,384.15
Lesotho,LSO,2014,0.0,100.0,0,19.23,379.79
Lesotho,LSO,2015,0.0,100.0,0,18.87,375.37
Lesotho,LSO,2016,0.0,100.0,0,19.23,417.76
Lesotho,LSO,2017,0.0,100.0,0,18.52,431.13
Lesotho,LSO,2018,0.0,100.0,0,19.23,416.74
Lesotho,LSO,2019,0.0,100.0,0,25.64,420.93
Lesotho,LSO,2020,0.0,100.0,0,23.26,389.13
Lesotho,LSO,2021,0.0,100.0,0,18.87,424.49
Lesotho,LSO,2022,0.0,100.0,0,20.83,398.06
Liberia,LBR,2000,100.0,0.0,0,650.0,68.3
Liberia,LBR,2001,100.0,0.0,0,650.0,66.33
Liberia,LBR,2002,100.0,0.0,0,650.0,64.62
Liberia,LBR,2003,100.0,0.0,0,650.0,64.11
Liberia,LBR,2004,100.0,0.0,0,650.0,63.35
Liberia,LBR,2005,100.0,0.0,0,650.0,60.59
Liberia,LBR,2006,100.0,0.0,0,650.0,57.29
Liberia,LBR,2007,100.0,0.0,0,640.0,68.14
Liberia,LBR,2008,100.0,0.0,0,640.0,65.43
Liberia,LBR,2009,100.0,0.0,0,640.0,63.4
Liberia,LBR,2010,100.0,0.0,0,640.0,61.59
Liberia,LBR,2011,100.0,0.0,0,666.67,71.07
Liberia,LBR,2012,100.0,0.0,0,666.67,68.6
Liberia,LBR,2013,100.0,0.0,0,666.67,67.11
Liberia,LBR,2014,100.0,0.0,0,666.67,65.73
Liberia,LBR,2015,100.0,0.0,0,645.16,66.53
Liberia,LBR,2016,100.0,0.0,0,666.67,63.08
Liberia,LBR,2017,100.0,0.0,0,657.14,72.18
Liberia,LBR,2018,68.29,31.71,0,439.02,82.92
Liberia,LBR,2019,69.05,30.95,0,452.38,83.27
Liberia,LBR,2020,71.11,28.89,0,466.67,87.39
Liberia,LBR,2021,65.79,34.21,0,421.05,72.25
Liberia,LBR,2022,66.67,33.33,0,435.9,72.58
Liberia,LBR,2023,42.62,57.38,0,295.08,111.05
Liberia,LBR,2024,45.61,54.39,1.75,315.79,101.55
Libya,LBY,2000,100.0,0.0,0,707.74,2921.76
Libya,LBY,2001,100.0,0.0,0,707.64,2981.32
Libya,LBY,2002,100.0,0.0,0,705.65,3182.41
Libya,LBY,2003,100.0,0.0,0,704.49,3372.24
Libya,LBY,2004,100.0,0.0,0,700.99,3521.19
Libya,LBY,2005,100.0,0.0,0,718.64,3818.19
Libya,LBY,2006,100.0,0.0,0,747.88,4143.67
Libya,LBY,2007,100.0,0.0,0,757.91,4292.0
Libya,LBY,2008,100.0,0.0,0,750.96,4589.9
Libya,LBY,2009,100.0,0.0,0,746.87,4767.0
Libya,LBY,2010,99.97,0.03,0.03,764.44,4998.59
Libya,LBY,2011,99.96,0.04,0.04,793.54,4090.99
Libya,LBY,2012,99.97,0.03,0.03,794.98,5557.24
Libya,LBY,2013,99.97,0.03,0.03,790.14,6025.73
Libya,LBY,2014,99.97,0.03,0.03,779.75,5884.31
Libya,LBY,2015,99.97,0.03,0.03,780.33,5742.65
Libya,LBY,2016,99.97,0.03,0.03,822.72,4794.84
Libya,LBY,2017,99.97,0.03,0.03,813.4,4983.1
Libya,LBY,2018,99.97,0.03,0.03,806.61,5059.09
Libya,LBY,2019,99.97,0.03,0.03,809.99,5094.2
Libya,LBY,2020,99.97,0.03,0.03,824.07,4365.97
Libya,LBY,2021,99.97,0.03,0.03,831.56,4985.16
Libya,LBY,2022,99.97,0.03,0.03,830.53,4959.99
Libya,LBY,2023,99.97,0.03,0.03,825.19,4619.71
Libya,LBY,2024,99.97,0.03,0.03,826.83,4686.34
Lithuania,LTU,2000,21.29,78.71,0,103.32,2796.82
Lithuania,LTU,2001,18.59,81.41,0,89.83,2994.52
Lithuania,LTU,2002,16.19,83.81,0,76.92,3135.84
Lithuania,LTU,2003,15.99,84.01,0,71.73,3305.74
Lithuania,LTU,2004,17.17,82.83,0,77.33,3423.46
Lithuania,LTU,2005,25.1,74.9,0,110.26,3446.45
Lithuania,LTU,2006,24.77,75.23,0.08,110.19,3559.84
Lithuania,LTU,2007,22.66,77.34,0.82,104.76,3741.44
Lithuania,LTU,2008,21.3,78.69,0.97,103.53,3867.46
Lithuania,LTU,2009,21.24,78.76,1.09,104.51,3701.88
Lithuania,LTU,2010,81.8,18.2,4.4,368.0,3547.77
Lithuania,LTU,2011,73.88,26.12,11.06,322.35,3628.69
Lithuania,LTU,2012,73.78,26.22,12.0,322.22,3721.14
Lithuania,LTU,2013,63.48,36.52,15.51,293.56,3765.6
Lithuania,LTU,2014,59.08,40.92,19.24,284.55,3855.89
Lithuania,LTU,2015,60.28,39.72,20.8,295.51,3936.99
Lithuania,LTU,2016,42.15,57.85,33.33,234.16,4147.63
Lithuania,LTU,2017,28.93,71.07,40.17,182.58,4326.13
Lithuania,LTU,2018,24.66,75.34,42.12,178.08,4478.17
Lithuania,LTU,2019,26.05,73.95,47.6,170.66,4536.58
Lithuania,LTU,2020,45.32,54.68,35.74,231.92,4510.39
Lithuania,LTU,2021,39.07,60.93,36.05,220.93,4773.68
Lithuania,LTU,2022,25.25,74.75,45.79,180.69,4476.52
Lithuania,LTU,2023,16.23,83.77,60.94,118.87,4285.06
Lithuania,LTU,2024,15.7,84.3,65.09,116.37,4473.42
Luxembourg,LUX,2000,60.0,40.0,5.0,225.0,14009.2
Luxembourg,LUX,2001,80.46,19.54,2.3,287.36,14012.32
Luxembourg,LUX,2002,94.64,5.36,0.71,317.86,14045.95
Luxembourg,LUX,2003,94.98,5.02,1.07,319.0,14496.12
Luxembourg,LUX,2004,94.36,5.64,1.48,314.54,14706.36
Luxembourg,LUX,2005,93.73,6.27,2.09,313.43,14203.78
Luxembourg,LUX,2006,92.94,7.06,2.26,313.56,15014.73
Luxembourg,LUX,2007,91.85,8.15,2.51,310.35,14887.24
Luxembourg,LUX,2008,89.71,10.29,2.94,308.82,14458.23
Luxembourg,LUX,2009,91.43,8.57,2.54,311.11,13187.58
Luxembourg,LUX,2010,91.67,8.33,2.47,311.73,14386.56
Luxembourg,LUX,2011,90.91,9.09,3.41,314.39,13729.72
Luxembourg,LUX,2012,88.77,11.23,4.35,304.35,12939.05
Luxembourg,LUX,2013,80.44,19.57,8.15,288.04,12477.96
Luxembourg,LUX,2014,79.06,20.94,8.9,287.96,12223.95
Luxembourg,LUX,2015,67.91,32.09,14.93,268.66,12185.27
Luxembourg,LUX,2016,41.77,58.23,25.32,215.19,12150.58
Luxembourg,LUX,2017,33.33,66.67,37.78,188.89,11869.12
Luxembourg,LUX,2018,29.17,70.83,38.54,187.5,11708.43
Luxembourg,LUX,2019,25.23,74.77,38.32,168.22,11206.66
Luxembourg,LUX,2020,20.49,79.51,41.8,163.93,10593.14
Luxembourg,LUX,2021,19.51,80.49,39.84,162.6,10854.69
Luxembourg,LUX,2022,14.05,85.95,48.76,140.5,10286.0
Luxembourg,LUX,2023,10.64,89.36,56.03,120.57,9938.34
Luxembourg,LUX,2024,9.27,90.73,54.3,132.45,10043.95
Macao,MAC,2000,100.0,0.0,0,656.05,3818.75
Macao,MAC,2001,96.18,3.82,0,636.94,3953.98
Macao,MAC,2002,95.88,4.12,0,641.18,4144.5
Macao,MAC,2003,91.67,8.33,0,622.22,4221.19
Macao,MAC,2004,92.39,7.61,0,624.37,4396.43
Macao,MAC,2005,92.12,7.88,0,620.69,4783.86
Macao,MAC,2006,89.82,10.18,0,616.77,5169.51
Macao,MAC,2007,88.82,11.18,0,611.84,6126.97
Macao,MAC,2008,85.12,14.88,0,561.98,6567.96
Macao,MAC,2009,87.67,12.33,0,582.19,6715.29
Macao,MAC,2010,81.48,18.52,0,527.78,6876.22
Macao,MAC,2011,76.4,23.6,0,528.09,7035.6
Macao,MAC,2012,58.93,41.07,0,482.14,7524.05
Macao,MAC,2013,41.46,58.54,0,390.24,7465.53
Macao,MAC,2014,59.38,40.62,0,468.75,7766.57
Macao,MAC,2015,78.95,21.05,0,557.9,8036.19
Macao,MAC,2016,79.8,20.2,0,565.66,8355.44
Macao,MAC,2017,85.71,14.29,0,564.63,8382.85
Macao,MAC,2018,72.31,27.69,0,507.69,8439.88
Macao,MAC,2019,73.81,26.19,0,500.0,8673.85
Macao,MAC,2020,66.07,33.93,0,482.14,7920.14
Macao,MAC,2021,58.0,42.0,0,460.0,8194.08
Macao,MAC,2022,59.18,40.82,0,448.98,7609.74
Macao,MAC,2023,66.67,33.33,0,484.85,8390.34
Macao,MAC,2024,69.23,30.77,0,474.36,8718.95
Madagascar,MDG,2000,36.05,63.95,0,244.19,52.07
Madagascar,MDG,2001,38.64,61.36,0,261.36,51.66
Madagascar,MDG,2002,36.05,63.95,0,244.19,49.0
Madagascar,MDG,2003,36.46,63.54,0,250.0,53.12
Madagascar,MDG,2004,39.05,60.95,0,266.67,56.43
Madagascar,MDG,2005,38.68,61.32,0,273.59,55.32
Madagascar,MDG,2006,40.19,59.81,0,271.03,54.23
Madagascar,MDG,2007,35.71,64.29,0,250.0,55.12
Madagascar,MDG,2008,40.68,59.32,0,288.14,56.4
Madagascar,MDG,2009,37.81,62.19,0,268.91,55.23
Madagascar,MDG,2010,45.38,54.62,0,315.39,58.6
Madagascar,MDG,2011,52.38,47.62,0,367.35,64.41
Madagascar,MDG,2012,50.64,49.36,0,358.97,66.49
Madagascar,MDG,2013,49.7,50.3,0.61,351.52,68.44
Madagascar,MDG,2014,47.09,52.91,0.58,331.4,69.45
Madagascar,MDG,2015,45.81,54.19,1.12,324.02,70.4
Madagascar,MDG,2016,51.58,48.42,1.05,357.9,72.8
Madagascar,MDG,2017,58.08,41.92,1.01,409.09,73.91
Madagascar,MDG,2018,56.72,43.28,1.68,424.37,86.56
Madagascar,MDG,2019,61.54,38.46,1.62,449.39,87.53
Madagascar,MDG,2020,59.26,40.74,1.85,416.67,74.6
Madagascar,MDG,2021,66.8,33.2,1.58,486.17,85.21
Madagascar,MDG,2022,64.77,35.23,3.03,477.27,86.74
Madagascar,MDG,2023,56.05,43.95,3.23,423.39,79.5
Madagascar,MDG,2024,57.61,42.39,4.12,432.1,76.02
Malawi,MWI,2000,9.92,90.08,0,99.17,106.93
Malawi,MWI,2001,9.02,90.98,0,90.16,104.37
Malawi,MWI,2002,9.38,90.62,0,101.56,106.9
Malawi,MWI,2003,7.63,92.37,0,91.6,106.72
Malawi,MWI,2004,9.52,90.48,0,95.24,116.79
Malawi,MWI,2005,10.46,89.54,0,98.04,118.38
Malawi,MWI,2006,10.83,89.17,0,95.54,118.19
Malawi,MWI,2007,9.49,90.51,0,88.61,114.91
Malawi,MWI,2008,7.06,92.94,0,76.47,120.2
Malawi,MWI,2009,7.19,92.81,0,77.84,114.62
Malawi,MWI,2010,6.25,93.75,0,67.71,128.15
Malawi,MWI,2011,6.09,93.91,0,65.99,127.74
Malawi,MWI,2012,6.34,93.66,0.49,68.29,129.22
Malawi,MWI,2013,6.34,93.66,0.49,68.29,125.61
Malawi,MWI,2014,5.53,94.47,0.92,64.52,129.35
Malawi,MWI,2015,5.99,94.01,1.38,69.12,125.84
Malawi,MWI,2016,6.05,93.95,1.4,69.77,121.31
Malawi,MWI,2017,0.0,100.0,2.09,26.18,104.77
Malawi,MWI,2018,18.23,81.77,0.55,143.65,96.61
Malawi,MWI,2019,3.89,96.11,0.56,55.56,93.56
Malawi,MWI,2020,0.57,99.43,0.57,34.29,88.56
Malawi,MWI,2021,4.37,95.63,0.55,54.65,90.29
Malawi,MWI,2022,4.37,95.63,0.55,54.65,88.0
Malawi,MWI,2023,4.37,95.63,0.55,54.65,85.76
Malawi,MWI,2024,4.37,95.63,0.55,54.65,83.58
Malaysia,MYS,2000,89.19,10.81,0,581.83,3042.52
Malaysia,MYS,2001,91.24,8.76,0,600.03,3217.22
Malaysia,MYS,2002,92.82,7.18,0,618.28,3354.01
Malaysia,MYS,2003,93.39,6.61,0,631.14,3367.56
Malaysia,MYS,2004,93.6,6.4,0,649.8,3782.75
Malaysia,MYS,2005,93.32,6.68,0,652.46,3735.86
Malaysia,MYS,2006,93.33,6.67,0,652.66,3848.53
Malaysia,MYS,2007,93.81,6.19,0,662.28,3936.9
Malaysia,MYS,2008,92.44,7.56,0,651.06,4111.35
Malaysia,MYS,2009,92.87,7.13,0,666.61,4125.19
Malaysia,MYS,2010,93.91,6.09,0,688.98,4358.28
Malaysia,MYS,2011,92.44,7.55,0,685.69,4369.72
Malaysia,MYS,2012,91.97,8.03,0.01,682.73,4523.17
Malaysia,MYS,2013,90.75,9.25,0.1,666.03,4678.16
Malaysia,MYS,2014,90.3,9.7,0.16,662.3,4804.51
Malaysia,MYS,2015,90.05,9.95,0.18,669.18,4806.49
Malaysia,MYS,2016,86.54,13.46,0.2,649.28,4906.94
Malaysia,MYS,2017,82.61,17.39,0.2,620.58,4930.21
Malaysia,MYS,2018,83.4,16.6,0.37,630.32,5137.8
Malaysia,MYS,2019,83.87,16.13,0.82,626.05,5288.18
Malaysia,MYS,2020,82.42,17.58,1.18,633.7,5088.88
Malaysia,MYS,2021,80.75,19.25,1.31,611.44,5083.37
Malaysia,MYS,2022,80.53,19.47,1.5,604.04,5252.84
Malaysia,MYS,2023,80.84,19.16,1.73,607.88,5315.11
Malaysia,MYS,2024,79.63,20.37,2.08,600.44,5541.42
Maldives,MDV,2000,100.0,0.0,0,666.67,531.87
Maldives,MDV,2001,100.0,0.0,0,687.5,557.92
Maldives,MDV,2002,100.0,0.0,0,684.21,651.51
Maldives,MDV,2003,100.0,0.0,0,636.36,742.0
Maldives,MDV,2004,100.0,0.0,0,666.67,796.24
Maldives,MDV,2005,100.0,0.0,0,666.67,881.12
Maldives,MDV,2006,100.0,0.0,0,645.16,987.68
Maldives,MDV,2007,100.0,0.0,0,657.14,1078.62
Maldives,MDV,2008,100.0,0.0,0,658.54,1219.59
Maldives,MDV,2009,100.0,0.0,0,666.67,1119.78
Maldives,MDV,2010,100.0,0.0,0,657.14,970.06
Maldives,MDV,2011,100.0,0.0,0,657.9,1016.9
Maldives,MDV,2012,100.0,0.0,0,650.0,1034.07
Maldives,MDV,2013,100.0,0.0,0,666.67,1049.8
Maldives,MDV,2014,98.15,1.85,1.85,648.15,1305.54
Maldives,MDV,2015,98.39,1.61,1.61,645.16,1448.04
Maldives,MDV,2016,98.51,1.49,1.49,641.79,1511.34
Maldives,MDV,2017,97.26,2.74,2.74,643.84,1592.85
Maldives,MDV,2018,96.2,3.8,3.8,632.91,1669.82
Maldives,MDV,2019,96.3,3.7,3.7,629.63,1660.73
Maldives,MDV,2020,95.12,4.88,4.88,621.95,1633.05
Maldives,MDV,2021,94.05,5.95,5.95,619.05,1627.39
Maldives,MDV,2022,92.94,7.06,7.06,611.77,1621.78
Maldives,MDV,2023,92.94,7.06,7.06,611.77,1615.94
Maldives,MDV,2024,92.94,7.06,7.06,611.77,1610.45
Mali,MLI,2000,73.58,26.41,0,500.0,91.7
Mali,MLI,2001,73.83,26.17,0,504.67,89.82
Mali,MLI,2002,73.87,26.13,0,504.51,74.06
Mali,MLI,2003,74.78,25.23,0,513.51,55.18
Mali,MLI,2004,76.19,23.81,0,515.87,68.69
Mali,MLI,2005,66.44,33.56,0,449.66,80.51
Mali,MLI,2006,66.24,33.76,0,445.86,86.49
Mali,MLI,2007,67.09,32.91,0,455.7,91.3
Mali,MLI,2008,65.75,34.25,0,441.99,99.06
Mali,MLI,2009,53.85,46.15,0,371.8,84.87
Mali,MLI,2010,50.85,49.15,0.42,351.7,122.92
Mali,MLI,2011,43.52,56.48,0.93,305.56,146.94
Mali,MLI,2012,42.86,57.14,1.3,298.7,109.69
Mali,MLI,2013,45.91,54.09,1.36,318.18,120.28
Mali,MLI,2014,41.83,58.17,1.2,290.84,125.41
Mali,MLI,2015,51.79,48.21,1.2,358.57,141.99
Mali,MLI,2016,48.01,51.99,0.99,331.13,139.13
Mali,MLI,2017,54.36,45.64,0.87,372.09,161.0
Mali,MLI,2018,59.83,40.17,0.83,404.43,170.24
Mali,MLI,2019,61.68,38.32,0.79,417.32,183.21
Mali,MLI,2020,59.14,40.86,2.54,401.02,188.36
Mali,MLI,2021,60.91,39.09,3.55,416.24,183.13
Mali,MLI,2022,57.14,42.86,3.46,391.71,199.8
Mali,MLI,2023,80.2,19.8,2.5,535.77,222.56
Mali,MLI,2024,80.54,19.46,2.85,538.59,223.05
Malta,MLT,2000,100.0,0.0,0,656.25,4801.14
Malta,MLT,2001,100.0,0.0,0,659.79,4816.43
Malta,MLT,2002,100.0,0.0,0,658.54,5054.6
Malta,MLT,2003,100.0,0.0,0,656.25,5487.02
Malta,MLT,2004,100.0,0.0,0,657.66,5404.09
Malta,MLT,2005,100.0,0.0,0,656.25,5419.48
Malta,MLT,2006,100.0,0.0,0,659.29,5439.71
Malta,MLT,2007,100.0,0.0,0,656.52,5512.93
Malta,MLT,2008,100.0,0.0,0,658.01,5513.53
Malta,MLT,2009,100.0,0.0,0,658.99,5156.84
Malta,MLT,2010,100.0,0.0,0,658.77,4992.26
Malta,MLT,2011,100.0,0.0,0,658.99,5110.27
Malta,MLT,2012,98.7,1.3,0.87,647.83,5391.27
Malta,MLT,2013,98.23,1.77,1.33,646.02,5274.74
Malta,MLT,2014,96.44,3.56,3.11,635.56,5178.44
Malta,MLT,2015,92.31,7.69,6.92,607.69,5281.16
Malta,MLT,2016,83.72,16.28,15.12,558.14,5249.56
Malta,MLT,2017,89.7,10.3,9.7,527.27,5364.37
Malta,MLT,2018,89.85,10.15,9.64,512.69,5345.06
Malta,MLT,2019,89.86,10.14,9.66,516.91,5376.8
Malta,MLT,2020,88.37,11.63,11.16,506.98,4959.36
Malta,MLT,2021,87.84,12.16,11.71,504.51,5206.12
Malta,MLT,2022,86.96,13.04,12.61,500.0,5566.14
Malta,MLT,2023,86.38,13.62,13.19,493.62,5572.61
Malta,MLT,2024,84.47,15.53,15.07,488.58,5856.06
Martinique,MTQ,2000,100.0,0.0,0,657.9,2705.34
Martinique,MTQ,2001,100.0,0.0,0,656.49,3140.3
Martinique,MTQ,2002,99.26,0.74,0,651.85,3272.89
Martinique,MTQ,2003,99.29,0.71,0,650.0,3427.87
Martinique,MTQ,2004,99.31,0.69,0,652.78,3554.64
Martinique,MTQ,2005,99.31,0.69,0,652.78,3583.44
Martinique,MTQ,2006,99.32,0.68,0,653.06,3670.79
Martinique,MTQ,2007,98.65,1.35,0,648.65,3692.5
Martinique,MTQ,2008,98.04,1.96,0.65,647.06,3818.33
Martinique,MTQ,2009,98.05,1.95,0.65,642.86,3854.56
Martinique,MTQ,2010,98.14,1.86,1.24,645.96,4051.45
Martinique,MTQ,2011,96.81,3.19,2.55,636.94,3978.95
Martinique,MTQ,2012,94.34,5.66,5.03,622.64,4058.8
Martinique,MTQ,2013,94.3,5.7,5.06,620.25,4056.8
Martinique,MTQ,2014,94.19,5.81,5.16,619.36,4004.89
Martinique,MTQ,2015,94.23,5.77,5.13,621.8,4065.28
Martinique,MTQ,2016,94.3,5.7,5.06,620.25,4170.05
Martinique,MTQ,2017,94.23,5.77,5.13,621.8,4199.08
Martinique,MTQ,2018,88.31,11.69,5.84,590.91,4229.61
Martinique,MTQ,2019,74.84,25.16,9.03,522.58,4310.09
Martinique,MTQ,2020,77.33,22.67,8.0,540.0,4206.1
Martinique,MTQ,2021,74.83,25.17,9.27,523.18,4274.16
Martinique,MTQ,2022,73.83,26.17,8.72,516.78,4263.7
Martinique,MTQ,2023,74.17,25.83,9.27,529.8,4364.06
Mauritania,MRT,2000,92.86,7.14,0,619.05,160.71
Mauritania,MRT,2001,93.62,6.38,0,617.02,175.45
Mauritania,MRT,2002,94.34,5.66,0,622.64,193.53
Mauritania,MRT,2003,92.0,8.0,0,600.0,206.99
Mauritania,MRT,2004,92.59,7.41,0,611.11,212.64
Mauritania,MRT,2005,90.57,9.43,0,603.77,224.56
Mauritania,MRT,2006,91.94,8.06,0,612.9,248.87
Mauritania,MRT,2007,92.19,7.81,0,609.38,232.78
Mauritania,MRT,2008,91.67,8.33,0,597.22,257.6
Mauritania,MRT,2009,85.71,14.29,0,558.44,267.93
Mauritania,MRT,2010,85.88,14.12,0,564.71,286.05
Mauritania,MRT,2011,85.06,14.94,0,563.22,285.49
Mauritania,MRT,2012,85.42,14.58,0,562.5,303.95
Mauritania,MRT,2013,78.57,21.43,4.08,520.41,307.95
Mauritania,MRT,2014,78.64,21.36,3.88,514.56,314.41
Mauritania,MRT,2015,72.41,27.59,11.21,474.14,337.88
Mauritania,MRT,2016,75.0,25.0,13.79,491.38,337.68
Mauritania,MRT,2017,75.56,24.44,11.85,496.3,365.74
Mauritania,MRT,2018,69.86,30.14,17.12,465.75,382.69
Mauritania,MRT,2019,70.06,29.94,17.2,464.97,396.18
Mauritania,MRT,2020,71.17,28.83,15.95,472.39,402.16
Mauritania,MRT,2021,71.52,28.48,15.19,474.68,373.82
Mauritania,MRT,2022,72.56,27.44,14.64,481.71,414.3
Mauritania,MRT,2023,78.47,21.53,11.48,521.53,467.9
Mauritania,MRT,2024,77.3,22.7,12.56,512.08,458.47
Mauritius,MUS,2000,70.62,29.38,0,559.32,1454.84
Mauritius,MUS,2001,71.35,28.65,0,567.71,1566.32
Mauritius,MUS,2002,72.45,27.55,0,581.63,1588.21
Mauritius,MUS,2003,72.73,27.27,0,574.16,1682.64
Mauritius,MUS,2004,72.69,27.32,0,564.82,1728.28
Mauritius,MUS,2005,75.22,24.78,0,592.92,1797.62
Mauritius,MUS,2006,77.54,22.46,0,622.88,1867.41
Mauritius,MUS,2007,77.64,22.36,0,634.15,1937.74
Mauritius,MUS,2008,76.56,23.44,0,636.72,2008.42
Mauritius,MUS,2009,76.27,23.73,0,626.46,2009.42
Mauritius,MUS,2010,75.84,24.16,0,620.82,2097.12
Mauritius,MUS,2011,80.22,19.78,0,648.35,2122.42
Mauritius,MUS,2012,79.57,20.43,0,645.16,2164.18
Mauritius,MUS,2013,79.72,20.28,0,646.85,2215.36
Mauritius,MUS,2014,79.59,20.41,1.02,642.86,2275.53
Mauritius,MUS,2015,77.26,22.74,1.0,622.07,2313.74
Mauritius,MUS,2016,78.03,21.97,1.64,632.79,2361.03
Mauritius,MUS,2017,80.06,19.94,1.61,643.09,2409.63
Mauritius,MUS,2018,79.49,20.51,1.92,634.62,2420.79
Mauritius,MUS,2019,78.33,21.67,4.33,619.2,2511.14
Mauritius,MUS,2020,75.86,24.14,5.86,613.79,2259.92
Mauritius,MUS,2021,78.59,21.41,5.35,628.76,2336.62
Mauritius,MUS,2022,80.45,19.55,5.77,615.39,2444.88
Mauritius,MUS,2023,82.57,17.43,4.89,633.03,2567.54
Mauritius,MUS,2024,82.11,17.89,5.28,642.23,2682.57
Mexico,MEX,2000,76.58,23.42,0.01,525.39,2073.4
Mexico,MEX,2001,79.33,20.67,0.01,543.91,2100.72
Mexico,MEX,2002,81.13,18.87,0.01,553.42,2126.37
Mexico,MEX,2003,83.4,16.6,0.01,570.17,2175.5
Mexico,MEX,2004,82.3,17.7,0.01,553.93,2242.66
Mexico,MEX,2005,81.17,18.82,0.01,555.83,2327.72
Mexico,MEX,2006,80.93,19.07,0.02,546.81,2381.92
Mexico,MEX,2007,82.42,17.58,0.1,554.21,2409.48
Mexico,MEX,2008,78.76,21.24,0.1,522.04,2429.82
Mexico,MEX,2009,83.05,16.95,0.24,554.08,2382.68
Mexico,MEX,2010,81.0,19.0,0.46,541.93,2416.92
Mexico,MEX,2011,80.83,19.18,0.58,539.79,2528.99
Mexico,MEX,2012,82.51,17.49,1.27,550.26,2546.26
Mexico,MEX,2013,82.53,17.47,1.44,546.82,2510.4
Mexico,MEX,2014,79.12,20.88,2.19,525.6,2527.88
Mexico,MEX,2015,80.73,19.27,2.88,533.9,2557.89
Mexico,MEX,2016,81.41,18.59,3.32,537.6,2622.55
Mexico,MEX,2017,81.26,18.74,3.59,533.68,2669.69
Mexico,MEX,2018,80.31,19.69,4.48,523.92,2813.92
Mexico,MEX,2019,80.06,19.93,7.75,525.73,2746.36
Mexico,MEX,2020,75.27,24.73,10.91,484.05,2600.49
Mexico,MEX,2021,71.39,28.61,12.56,456.25,2566.66
Mexico,MEX,2022,72.37,27.63,12.02,464.38,2642.65
Mexico,MEX,2023,76.21,23.79,12.52,489.05,2702.8
Mexico,MEX,2024,75.42,24.58,12.8,483.14,2711.81
Moldova,MDA,2000,92.84,7.16,0,662.39,1707.21
Moldova,MDA,2001,93.85,6.15,0,670.09,1904.64
Moldova,MDA,2002,93.79,6.21,0,668.44,1902.03
Moldova,MDA,2003,93.76,6.24,0,668.98,2251.3
Moldova,MDA,2004,93.97,6.03,0,670.69,2159.8
Moldova,MDA,2005,93.97,6.03,0,671.69,2283.97
Moldova,MDA,2006,93.91,6.09,0,671.05,2445.61
Moldova,MDA,2007,94.04,5.96,0,671.21,2284.89
Moldova,MDA,2008,93.68,6.32,0,668.89,2373.33
Moldova,MDA,2009,94.35,5.65,0,672.05,2064.1
Moldova,MDA,2010,93.45,6.55,0,666.12,1690.53
Moldova,MDA,2011,93.94,6.05,0,669.55,1813.18
Moldova,MDA,2012,95.35,4.65,0,679.86,1912.35
Moldova,MDA,2013,93.13,6.87,0,665.19,1751.38
Moldova,MDA,2014,93.86,6.14,0,670.39,1824.86
Moldova,MDA,2015,95.53,4.47,0,682.12,1843.53
Moldova,MDA,2016,95.9,4.1,0,683.76,1806.78
Moldova,MDA,2017,93.75,6.25,0.2,669.36,1907.0
Moldova,MDA,2018,94.05,5.95,0.37,672.86,2010.29
Moldova,MDA,2019,93.5,6.5,0.7,669.6,2033.69
Moldova,MDA,2020,94.17,5.83,0.81,673.14,2068.99
Moldova,MDA,2021,93.39,6.61,1.35,668.17,2255.45
Moldova,MDA,2022,90.43,9.57,3.56,647.28,2029.62
Moldova,MDA,2023,90.39,9.61,4.41,642.52,2096.46
Moldova,MDA,2024,89.29,10.71,5.11,634.27,1996.73
Mongolia,MNG,2000,100.0,0.0,0,910.35,1246.34
Mongolia,MNG,2001,100.0,0.0,0,909.09,1271.34
Mongolia,MNG,2002,100.0,0.0,0,909.39,1295.96
Mongolia,MNG,2003,100.0,0.0,0,909.97,1296.69
Mongolia,MNG,2004,100.0,0.0,0,908.54,1352.84
Mongolia,MNG,2005,100.0,0.0,0,908.82,1388.74
Mongolia,MNG,2006,100.0,0.0,0,909.35,1450.81
Mongolia,MNG,2007,100.0,0.0,0,905.66,1499.25
Mongolia,MNG,2008,99.75,0.25,0.25,905.0,1586.68
Mongolia,MNG,2009,99.26,0.74,0.25,898.52,1568.28
Mongolia,MNG,2010,98.84,1.16,0.23,893.52,1687.8
Mongolia,MNG,2011,98.68,1.32,0.22,889.87,1744.88
Mongolia,MNG,2012,98.75,1.25,0.21,889.81,1842.27
Mongolia,MNG,2013,97.61,2.39,1.2,880.48,2174.0
Mongolia,MNG,2014,96.1,3.9,2.6,868.03,2300.0
Mongolia,MNG,2015,96.01,3.99,2.9,867.51,2311.42
Mongolia,MNG,2016,95.59,4.41,2.82,867.73,2328.32
Mongolia,MNG,2017,95.85,4.15,2.82,865.67,2441.72
Mongolia,MNG,2018,93.3,6.7,5.48,843.23,2591.77
Mongolia,MNG,2019,90.06,9.94,8.64,812.68,2673.17
Mongolia,MNG,2020,89.76,10.24,9.04,810.24,2516.12
Mongolia,MNG,2021,88.84,11.16,10.08,802.42,2766.74
Mongolia,MNG,2022,90.19,9.81,9.03,814.19,2903.12
Mongolia,MNG,2023,90.83,9.17,8.44,816.65,3111.94
Mongolia,MNG,2024,91.16,8.84,8.16,810.66,3320.35
Montenegro,MNE,2005,34.84,65.16,0,369.34,7349.47
Montenegro,MNE,2006,40.68,59.32,0,427.12,7604.01
Montenegro,MNE,2007,40.19,59.81,0,420.56,7467.78
Montenegro,MNE,2008,45.58,54.42,0,477.03,7284.45
Montenegro,MNE,2009,25.0,75.0,0,271.74,6024.24
Montenegro,MNE,2010,31.59,68.41,0,338.31,6359.87
Montenegro,MNE,2011,54.72,45.28,0,566.04,6654.14
Montenegro,MNE,2012,48.07,51.93,0,501.75,6408.38
Montenegro,MNE,2013,36.55,63.45,0,385.79,5685.42
Montenegro,MNE,2014,44.8,55.2,0,466.88,5432.57
Montenegro,MNE,2015,50.33,49.67,0,523.33,5603.8
Montenegro,MNE,2016,41.4,58.6,0,433.12,5510.65
Montenegro,MNE,2017,54.84,45.16,4.03,564.52,5805.4
Montenegro,MNE,2018,40.79,59.21,3.68,426.32,5846.07
Montenegro,MNE,2019,43.73,56.27,8.75,454.81,6016.31
Montenegro,MNE,2020,47.79,52.21,9.44,495.58,5707.86
Montenegro,MNE,2021,38.2,61.8,8.49,400.53,5961.71
Montenegro,MNE,2022,46.83,53.17,9.67,483.38,5173.69
Montenegro,MNE,2023,39.14,60.86,7.88,410.5,5240.29
Montenegro,MNE,2024,40.51,59.49,9.35,422.1,5278.15
Montserrat,MSR,2000,100.0,0.0,0,1000.0,1979.02
Montserrat,MSR,2001,100.0,0.0,0,1000.0,2166.38
Montserrat,MSR,2002,100.0,0.0,0,1000.0,2222.22
Montserrat,MSR,2003,100.0,0.0,0,1000.0,2214.84
Montserrat,MSR,2004,100.0,0.0,0,1000.0,2202.16
Montserrat,MSR,2005,100.0,0.0,0,1000.0,2186.27
Montserrat,MSR,2006,100.0,0.0,0,1000.0,2171.08
Montserrat,MSR,2007,100.0,0.0,0,1000.0,2151.0
Montserrat,MSR,2008,100.0,0.0,0,1000.0,2127.66
Montserrat,MSR,2009,100.0,0.0,0,1000.0,2101.28
Montserrat,MSR,2010,100.0,0.0,0,1000.0,2075.12
Montserrat,MSR,2011,100.0,0.0,0,1000.0,2063.56
Montserrat,MSR,2012,100.0,0.0,0,1000.0,2073.83
Montserrat,MSR,2013,100.0,0.0,0,1000.0,2094.68
Montserrat,MSR,2014,100.0,0.0,0,1000.0,2110.59
Montserrat,MSR,2015,100.0,0.0,0,1000.0,2130.83
Montserrat,MSR,2016,100.0,0.0,0,1000.0,2143.62
Montserrat,MSR,2017,100.0,0.0,0,1000.0,2162.63
Montserrat,MSR,2018,100.0,0.0,0,1000.0,2176.28
Montserrat,MSR,2019,100.0,0.0,0,1000.0,2191.06
Montserrat,MSR,2020,100.0,0.0,0,1000.0,2206.53
Montserrat,MSR,2021,100.0,0.0,0,1000.0,2219.76
Montserrat,MSR,2022,100.0,0.0,0,1000.0,2234.14
Montserrat,MSR,2023,100.0,0.0,0,1000.0,2252.25
Montserrat,MSR,2024,100.0,0.0,0,1000.0,2265.52
Morocco,MAR,2000,94.38,5.62,0.44,759.12,563.97
Morocco,MAR,2001,93.14,6.86,1.35,769.23,594.84
Morocco,MAR,2002,93.18,6.82,1.26,765.56,564.08
Morocco,MAR,2003,89.96,10.04,1.22,735.01,600.58
Morocco,MAR,2004,89.75,10.25,1.15,732.69,634.33
Morocco,MAR,2005,91.48,8.52,1.09,717.03,661.11
Morocco,MAR,2006,91.04,8.96,0.91,708.61,711.71
Morocco,MAR,2007,91.82,8.18,1.42,707.47,743.91
Morocco,MAR,2008,91.79,8.21,1.47,695.82,778.63
Morocco,MAR,2009,84.04,15.96,1.86,635.45,797.67
Morocco,MAR,2010,81.22,18.77,2.89,610.5,825.14
Morocco,MAR,2011,88.38,11.62,2.83,652.71,880.21
Morocco,MAR,2012,90.38,9.62,2.75,648.44,939.88
Morocco,MAR,2013,83.85,16.15,5.05,612.47,957.16
Morocco,MAR,2014,85.9,14.1,6.84,651.35,996.64
Morocco,MAR,2015,83.92,16.08,8.43,639.92,1007.87
Morocco,MAR,2016,83.51,16.49,11.08,633.63,1028.45
Morocco,MAR,2017,84.16,15.84,10.8,637.45,1067.53
Morocco,MAR,2018,80.18,19.82,13.92,621.53,1058.32
Morocco,MAR,2019,80.21,19.79,15.6,631.75,1089.45
Morocco,MAR,2020,80.83,19.18,15.75,645.62,1066.85
Morocco,MAR,2021,80.19,19.81,16.78,639.95,1113.26
Morocco,MAR,2022,81.82,18.18,16.45,662.64,1146.83
Morocco,MAR,2023,78.28,21.71,20.39,616.35,1174.94
Morocco,MAR,2024,75.59,24.41,22.41,594.81,1180.11
Mozambique,MOZ,2000,0.1,99.9,0,25.08,169.89
Mozambique,MOZ,2001,0.34,99.66,0,26.36,333.91
Mozambique,MOZ,2002,0.24,99.76,0,25.44,327.03
Mozambique,MOZ,2003,0.28,99.72,0,25.95,438.83
Mozambique,MOZ,2004,0.43,99.57,0,26.72,527.71
Mozambique,MOZ,2005,0.15,99.85,0,25.1,528.95
Mozambique,MOZ,2006,0.14,99.86,0,25.36,558.04
Mozambique,MOZ,2007,0.06,99.94,0,24.51,569.81
Mozambique,MOZ,2008,0.07,99.93,0,24.72,548.14
Mozambique,MOZ,2009,0.06,99.94,0,24.42,555.12
Mozambique,MOZ,2010,0.12,99.88,0,24.6,570.89
Mozambique,MOZ,2011,0.66,99.34,0,27.73,577.61
Mozambique,MOZ,2012,0.73,99.27,0,28.06,564.55
Mozambique,MOZ,2013,1.41,98.59,0,32.95,567.63
Mozambique,MOZ,2014,1.34,98.66,0,32.32,558.39
Mozambique,MOZ,2015,7.02,92.98,0,68.01,568.04
Mozambique,MOZ,2016,17.29,82.72,0,132.56,568.09
Mozambique,MOZ,2017,19.5,80.5,0,147.96,565.21
Mozambique,MOZ,2018,18.2,81.8,0,139.44,542.07
Mozambique,MOZ,2019,20.64,79.36,0.16,154.29,552.13
Mozambique,MOZ,2020,16.51,83.49,0.37,128.29,507.09
Mozambique,MOZ,2021,17.02,82.98,0.37,131.5,501.45
Mozambique,MOZ,2022,16.31,83.69,0.36,127.81,501.28
Mozambique,MOZ,2023,16.43,83.57,0.35,128.76,490.56
Mozambique,MOZ,2024,16.57,83.43,0.4,129.36,476.15
Myanmar,MMR,2000,63.33,36.67,0,568.63,112.61
Myanmar,MMR,2001,61.46,38.54,0,558.89,102.03
Myanmar,MMR,2002,58.38,41.62,0,550.3,109.66
Myanmar,MMR,2003,61.62,38.38,0,581.18,116.14
Myanmar,MMR,2004,57.04,42.96,0,543.67,119.19
Myanmar,MMR,2005,50.17,49.83,0,478.41,126.9
Myanmar,MMR,2006,46.12,53.88,0,438.51,129.33
Myanmar,MMR,2007,43.44,56.56,0,412.5,132.99
Myanmar,MMR,2008,38.52,61.48,0,371.6,136.8
Myanmar,MMR,2009,24.53,75.47,0,243.9,143.24
Myanmar,MMR,2010,28.19,71.81,0,277.26,175.83
Myanmar,MMR,2011,27.9,72.1,0,275.17,211.05
Myanmar,MMR,2012,28.67,71.33,0,284.05,223.93
Myanmar,MMR,2013,27.45,72.55,0.08,276.08,247.9
Myanmar,MMR,2014,37.04,62.96,0.07,366.23,283.93
Myanmar,MMR,2015,40.49,59.51,0.18,398.15,317.09
Myanmar,MMR,2016,44.81,55.19,0.28,439.85,305.66
Myanmar,MMR,2017,46.67,53.33,0.28,451.05,378.65
Myanmar,MMR,2018,41.82,58.18,0.32,405.27,386.63
Myanmar,MMR,2019,43.74,56.26,0.47,419.26,342.89
Myanmar,MMR,2020,51.33,48.67,0.43,487.22,330.84
Myanmar,MMR,2021,50.65,49.35,0.45,484.48,349.52
Myanmar,MMR,2022,59.14,40.86,0.69,563.87,428.78
Myanmar,MMR,2023,53.51,46.49,0.52,515.64,400.67
Myanmar,MMR,2024,52.14,47.86,0.55,502.99,402.2
Namibia,NAM,2000,2.78,97.22,0,41.67,1171.2
Namibia,NAM,2001,0.0,100.0,0,24.79,1190.05
Namibia,NAM,2002,0.7,99.3,0,27.97,1227.53
Namibia,NAM,2003,0.7,99.3,0,27.97,1262.08
Namibia,NAM,2004,0.72,99.28,0,28.99,1503.54
Namibia,NAM,2005,1.77,98.22,0,41.42,1708.55
Namibia,NAM,2006,6.21,93.79,0,80.75,1767.17
Namibia,NAM,2007,1.91,98.09,0,44.59,1773.5
Namibia,NAM,2008,11.46,88.53,0,121.02,1792.82
Namibia,NAM,2009,5.33,94.67,0.67,66.67,1713.68
Namibia,NAM,2010,3.82,96.18,0.76,53.44,1748.97
Namibia,NAM,2011,2.76,97.24,0.69,48.28,1793.76
Namibia,NAM,2012,2.99,97.01,0.6,47.9,1868.17
Namibia,NAM,2013,4.44,95.56,1.48,51.85,1851.27
Namibia,NAM,2014,0.65,99.35,1.96,32.68,1872.72
Namibia,NAM,2015,2.53,97.47,2.53,44.3,1756.3
Namibia,NAM,2016,4.05,95.95,4.05,54.05,1824.35
Namibia,NAM,2017,3.96,96.05,6.21,62.15,1826.99
Namibia,NAM,2018,1.42,98.58,17.73,42.55,1796.43
Namibia,NAM,2019,3.62,96.38,27.54,57.97,1667.61
Namibia,NAM,2020,3.5,96.5,21.5,60.0,1535.5
Namibia,NAM,2021,2.65,97.35,33.11,46.36,1405.42
Namibia,NAM,2022,1.51,98.48,39.39,45.46,1408.47
Namibia,NAM,2023,2.12,97.88,28.04,47.62,1410.68
Namibia,NAM,2024,2.44,97.56,36.59,48.78,1333.28
Nauru,NRU,2000,100.0,0.0,0,666.67,2944.93
Nauru,NRU,2001,100.0,0.0,0,666.67,2956.54
Nauru,NRU,2002,100.0,0.0,0,666.67,2968.83
Nauru,NRU,2003,100.0,0.0,0,666.67,2974.42
Nauru,NRU,2004,100.0,0.0,0,666.67,2975.01
Nauru,NRU,2005,100.0,0.0,0,666.67,2978.85
Nauru,NRU,2006,100.0,0.0,0,500.0,1987.87
Nauru,NRU,2007,100.0,0.0,0,500.0,1991.63
Nauru,NRU,2008,100.0,0.0,0,500.0,1993.62
Nauru,NRU,2009,100.0,0.0,0,500.0,1991.83
Nauru,NRU,2010,100.0,0.0,0,500.0,1986.69
Nauru,NRU,2011,100.0,0.0,0,500.0,1977.07
Nauru,NRU,2012,100.0,0.0,0,500.0,1943.82
Nauru,NRU,2013,100.0,0.0,0,500.0,1897.71
Nauru,NRU,2014,100.0,0.0,0,666.67,2786.55
Nauru,NRU,2015,100.0,0.0,0,666.67,2733.49
Nauru,NRU,2016,100.0,0.0,0,666.67,2685.04
Nauru,NRU,2017,100.0,0.0,0,666.67,2642.94
Nauru,NRU,2018,100.0,0.0,0,750.0,3478.56
Nauru,NRU,2019,100.0,0.0,0,750.0,3445.6
Nauru,NRU,2020,100.0,0.0,0,750.0,3429.06
Nauru,NRU,2021,100.0,0.0,0,750.0,3410.93
Nauru,NRU,2022,100.0,0.0,0,750.0,3383.52
Nauru,NRU,2023,100.0,0.0,0,750.0,3361.34
Nauru,NRU,2024,80.0,20.0,20.0,600.0,4177.81
Nepal,NPL,2000,1.82,98.18,0,36.36,71.29
Nepal,NPL,2001,1.08,98.92,0,27.03,77.77
Nepal,NPL,2002,0.0,100.0,0,23.81,81.33
Nepal,NPL,2003,0.0,100.0,0,22.12,85.64
Nepal,NPL,2004,0.42,99.58,0,29.29,96.86
Nepal,NPL,2005,0.8,99.2,0,27.89,101.86
Nepal,NPL,2006,0.37,99.63,0,25.74,111.8
Nepal,NPL,2007,0.36,99.64,0,28.88,117.21
Nepal,NPL,2008,0.36,99.64,0,28.67,114.86
Nepal,NPL,2009,0.33,99.67,0,25.97,133.96
Nepal,NPL,2010,0.0,100.0,0.31,25.16,140.44
Nepal,NPL,2011,0.0,100.0,0.29,23.12,152.93
Nepal,NPL,2012,0.57,99.43,0.28,25.5,156.89
Nepal,NPL,2013,0.29,99.71,0.57,25.71,174.7
Nepal,NPL,2014,0.0,100.0,0.79,23.68,186.83
Nepal,NPL,2015,0.0,100.0,0.87,23.12,187.97
Nepal,NPL,2016,0.0,100.0,0.72,23.92,227.15
Nepal,NPL,2017,0.0,100.0,1.97,24.02,255.61
Nepal,NPL,2018,0.0,100.0,1.86,22.73,271.37
Nepal,NPL,2019,0.0,100.0,1.46,22.76,273.46
Nepal,NPL,2020,0.0,100.0,1.46,22.65,308.98
Nepal,NPL,2021,0.0,100.0,1.04,23.88,362.34
Nepal,NPL,2022,0.0,100.0,1.03,23.36,376.57
Nepal,NPL,2023,0.0,100.0,1.03,23.36,358.65
Nepal,NPL,2024,0.0,100.0,1.17,24.26,371.99
Netherlands,NLD,2000,92.16,7.84,0.95,540.31,6661.16
Netherlands,NLD,2001,92.09,7.91,0.91,541.03,6761.54
Netherlands,NLD,2002,91.66,8.34,1.02,538.78,6816.04
Netherlands,NLD,2003,91.64,8.36,1.41,540.8,6871.18
Netherlands,NLD,2004,90.86,9.14,1.9,522.74,7064.6
Netherlands,NLD,2005,88.37,11.63,2.14,511.72,7094.75
Netherlands,NLD,2006,88.18,11.82,2.85,511.38,7213.6
Netherlands,NLD,2007,88.63,11.37,3.36,509.74,7336.96
Netherlands,NLD,2008,87.1,12.9,4.05,494.4,7354.23
Netherlands,NLD,2009,86.58,13.42,4.11,486.69,7027.03
Netherlands,NLD,2010,87.16,12.84,3.43,478.15,7207.58
Netherlands,NLD,2011,85.39,14.61,4.62,472.3,7223.88
Netherlands,NLD,2012,83.98,16.02,5.05,494.48,7057.56
Netherlands,NLD,2013,85.09,14.91,6.01,500.6,7001.8
Netherlands,NLD,2014,84.58,15.42,6.4,521.25,6860.21
Netherlands,NLD,2015,83.7,16.3,7.94,551.43,6882.39
Netherlands,NLD,2016,83.56,16.44,8.57,524.57,6909.16
Netherlands,NLD,2017,82.05,17.95,11.0,489.66,6904.27
Netherlands,NLD,2018,80.2,19.8,12.61,467.11,6949.55
Netherlands,NLD,2019,77.75,22.25,14.09,410.0,6894.37
Netherlands,NLD,2020,69.81,30.19,19.55,342.9,6764.29
Netherlands,NLD,2021,63.38,36.62,24.34,351.97,6832.27
Netherlands,NLD,2022,56.44,43.56,31.87,325.61,6461.53
Netherlands,NLD,2023,49.29,50.71,40.95,268.17,6317.53
Netherlands,NLD,2024,46.34,53.66,45.21,250.72,6479.33
New Caledonia,NCL,2000,72.56,27.44,0.61,506.1,7350.63
New Caledonia,NCL,2001,78.49,21.51,0.58,546.51,7553.33
New Caledonia,NCL,2002,81.14,18.86,0.57,571.43,7535.34
New Caledonia,NCL,2003,81.71,18.29,0,565.71,7393.82
New Caledonia,NCL,2004,80.24,19.76,0.6,556.89,6933.34
New Caledonia,NCL,2005,80.85,19.15,1.06,558.51,7692.59
New Caledonia,NCL,2006,83.42,16.58,1.6,577.54,7553.82
New Caledonia,NCL,2007,77.72,22.28,2.07,538.86,7697.52
New Caledonia,NCL,2008,74.19,25.81,1.61,505.38,7327.71
New Caledonia,NCL,2009,77.83,22.16,1.55,541.24,7540.98
New Caledonia,NCL,2010,85.38,14.62,2.36,622.64,8104.6
New Caledonia,NCL,2011,81.42,18.58,2.21,592.92,8478.71
New Caledonia,NCL,2012,79.91,20.09,2.62,576.42,8430.27
New Caledonia,NCL,2013,79.68,20.32,1.99,577.69,9066.87
New Caledonia,NCL,2014,88.37,11.63,1.99,634.55,10702.87
New Caledonia,NCL,2015,85.86,14.14,2.41,627.59,10240.87
New Caledonia,NCL,2016,90.76,9.24,1.91,675.16,11078.5
New Caledonia,NCL,2017,86.38,13.62,2.48,656.35,11391.13
New Caledonia,NCL,2018,88.0,12.0,2.86,665.71,12343.46
New Caledonia,NCL,2019,86.19,13.81,5.41,663.66,11741.23
New Caledonia,NCL,2020,84.26,15.74,6.17,657.41,11400.94
New Caledonia,NCL,2021,77.66,22.34,7.56,597.94,10202.4
New Caledonia,NCL,2022,73.79,26.21,8.74,566.34,10761.68
New Caledonia,NCL,2023,73.79,26.21,8.74,566.34,10659.62
New Caledonia,NCL,2024,73.08,26.92,9.62,560.9,10661.02
New Zealand,NZL,2000,28.25,71.75,0.31,184.27,10086.65
New Zealand,NZL,2001,36.35,63.65,0.36,230.4,10093.11
New Zealand,NZL,2002,30.37,69.63,0.37,197.71,10176.87
New Zealand,NZL,2003,33.91,66.09,0.37,231.11,10035.83
New Zealand,NZL,2004,27.61,72.39,0.85,204.16,10350.37
New Zealand,NZL,2005,35.59,64.41,1.44,254.24,10273.27
New Zealand,NZL,2006,35.22,64.78,1.44,248.84,10291.87
New Zealand,NZL,2007,34.51,65.49,2.12,227.06,10271.66
New Zealand,NZL,2008,35.77,64.23,2.42,246.83,10181.1
New Zealand,NZL,2009,28.31,71.69,3.4,196.51,9978.39
New Zealand,NZL,2010,26.88,73.12,3.66,179.42,10191.44
New Zealand,NZL,2011,24.01,75.99,4.42,165.98,10007.53
New Zealand,NZL,2012,28.27,71.73,4.71,198.17,9916.85
New Zealand,NZL,2013,25.81,74.19,4.71,177.05,9587.2
New Zealand,NZL,2014,20.9,79.1,5.15,148.42,9489.33
New Zealand,NZL,2015,19.92,80.08,5.46,142.76,9442.93
New Zealand,NZL,2016,15.67,84.33,5.52,114.48,9152.09
New Zealand,NZL,2017,18.78,81.22,4.92,131.93,9071.74
New Zealand,NZL,2018,16.6,83.4,4.92,123.71,8922.96
New Zealand,NZL,2019,17.58,82.42,5.39,133.71,8768.57
New Zealand,NZL,2020,19.08,80.92,5.63,142.1,8550.47
New Zealand,NZL,2021,18.28,81.72,6.5,144.89,8526.35
New Zealand,NZL,2022,13.06,86.94,7.33,103.12,8427.95
New Zealand,NZL,2023,10.38,89.62,9.05,87.2,8291.39
New Zealand,NZL,2024,14.02,85.98,10.63,112.02,8440.83
Nicaragua,NIC,2000,78.51,21.49,0,530.7,475.85
Nicaragua,NIC,2001,80.16,19.84,0,538.46,489.4
Nicaragua,NIC,2002,74.9,25.1,0,513.73,497.1
Nicaragua,NIC,2003,72.59,27.41,0,500.0,516.22
Nicaragua,NIC,2004,71.89,28.11,0,498.22,532.91
Nicaragua,NIC,2005,64.34,35.66,0,454.55,539.11
Nicaragua,NIC,2006,69.97,30.03,0,488.82,584.99
Nicaragua,NIC,2007,71.25,28.75,0,500.0,593.02
Nicaragua,NIC,2008,64.58,35.42,0,452.38,607.9
Nicaragua,NIC,2009,69.28,30.73,3.19,484.06,609.91
Nicaragua,NIC,2010,63.29,36.71,4.38,443.84,630.94
Nicaragua,NIC,2011,66.14,33.86,5.51,461.94,649.59
Nicaragua,NIC,2012,57.32,42.68,8.19,409.43,686.29
Nicaragua,NIC,2013,47.72,52.28,13.43,347.72,703.56
Nicaragua,NIC,2014,46.19,53.81,19.06,338.57,730.24
Nicaragua,NIC,2015,49.89,50.11,18.95,361.66,748.04
Nicaragua,NIC,2016,47.71,52.29,15.9,348.58,766.93
Nicaragua,NIC,2017,44.03,55.97,14.16,329.65,767.86
Nicaragua,NIC,2018,41.29,58.71,17.63,313.98,757.8
Nicaragua,NIC,2019,43.01,56.99,16.59,334.06,772.71
Nicaragua,NIC,2020,30.08,69.92,15.3,250.66,740.26
Nicaragua,NIC,2021,30.88,69.12,16.39,261.28,784.08
Nicaragua,NIC,2022,35.88,64.12,13.66,289.35,799.33
Nicaragua,NIC,2023,37.61,62.39,13.05,300.89,782.58
Nicaragua,NIC,2024,37.61,62.39,13.05,300.89,783.67
Niger,NER,2000,100.0,0.0,0,809.52,35.62
Niger,NER,2001,100.0,0.0,0,777.78,33.55
Niger,NER,2002,100.0,0.0,0,789.47,32.39
Niger,NER,2003,100.0,0.0,0,800.0,33.6
Niger,NER,2004,100.0,0.0,0,800.0,36.94
Niger,NER,2005,100.0,0.0,0,826.09,41.44
Niger,NER,2006,100.0,0.0,0,818.18,39.95
Niger,NER,2007,100.0,0.0,0,818.18,45.26
Niger,NER,2008,100.0,0.0,0,818.18,44.27
Niger,NER,2009,100.0,0.0,0,807.69,49.55
Niger,NER,2010,100.0,0.0,0,793.1,50.76
Niger,NER,2011,100.0,0.0,0,794.12,55.31
Niger,NER,2012,100.0,0.0,0,769.23,57.75
Niger,NER,2013,100.0,0.0,0,772.73,56.16
Niger,NER,2014,97.78,2.22,2.22,755.56,61.41
Niger,NER,2015,98.15,1.85,1.85,722.22,66.2
Niger,NER,2016,98.57,1.43,1.43,714.29,71.55
Niger,NER,2017,98.21,1.79,1.79,714.29,65.78
Niger,NER,2018,98.11,1.89,1.89,698.11,68.5
Niger,NER,2019,97.02,2.98,2.98,686.57,75.39
Niger,NER,2020,97.02,2.98,2.98,701.49,75.05
Niger,NER,2021,97.18,2.82,2.82,690.14,74.69
Niger,NER,2022,97.47,2.53,2.53,683.54,77.04
Niger,NER,2023,97.94,2.06,2.06,680.41,84.48
Niger,NER,2024,96.84,3.16,3.16,673.68,79.53
Nigeria,NGA,2000,61.74,38.26,0,411.81,116.47
Nigeria,NGA,2001,61.73,38.27,0,411.77,118.89
Nigeria,NGA,2002,61.76,38.24,0,412.07,161.23
Nigeria,NGA,2003,63.07,36.93,0,420.3,146.94
Nigeria,NGA,2004,66.57,33.43,0,442.16,172.06
Nigeria,NGA,2005,66.96,33.04,0,444.59,162.39
Nigeria,NGA,2006,72.88,27.12,0,481.83,155.09
Nigeria,NGA,2007,72.86,27.14,0,481.95,150.0
Nigeria,NGA,2008,72.87,27.13,0,482.01,134.01
Nigeria,NGA,2009,77.06,22.94,0,508.34,122.12
Nigeria,NGA,2010,75.58,24.42,0,499.04,156.8
Nigeria,NGA,2011,78.22,21.78,0,515.53,157.78
Nigeria,NGA,2012,80.2,19.8,0.07,527.84,163.11
Nigeria,NGA,2013,81.44,18.56,0.07,535.78,159.79
Nigeria,NGA,2014,83.3,16.7,0.06,547.4,173.65
Nigeria,NGA,2015,80.49,19.51,0.09,529.7,173.96
Nigeria,NGA,2016,77.53,22.47,0.08,511.22,177.03
Nigeria,NGA,2017,75.81,24.19,0.09,500.0,148.71
Nigeria,NGA,2018,78.83,21.17,0.11,519.48,164.49
Nigeria,NGA,2019,76.66,23.34,0.14,505.76,162.92
Nigeria,NGA,2020,79.45,20.55,0.21,523.42,163.51
Nigeria,NGA,2021,79.34,20.66,0.26,522.7,165.38
Nigeria,NGA,2022,75.29,24.71,0.26,497.37,159.4
Nigeria,NGA,2023,77.32,22.68,0.27,510.26,169.38
Nigeria,NGA,2024,75.0,25.0,0.35,495.74,151.54
North Korea,PRK,2000,47.67,52.33,0,434.72,815.52
North Korea,PRK,2001,47.78,52.22,0,433.55,843.57
North Korea,PRK,2002,46.54,53.46,0,422.18,821.08
North Korea,PRK,2003,44.44,55.56,0,404.69,866.74
North Korea,PRK,2004,43.37,56.63,0,395.7,901.26
North Korea,PRK,2005,42.91,57.09,0,393.94,933.33
North Korea,PRK,2006,44.02,55.98,0,405.65,909.7
North Korea,PRK,2007,38.52,61.48,0,355.31,867.88
North Korea,PRK,2008,39.59,60.41,0,365.13,931.17
North Korea,PRK,2009,47.05,52.95,0,432.85,939.77
North Korea,PRK,2010,43.7,56.3,0,404.33,943.28
North Korea,PRK,2011,37.37,62.63,0,346.91,831.54
North Korea,PRK,2012,37.45,62.55,0,348.32,847.22
North Korea,PRK,2013,37.32,62.68,0.05,347.29,867.37
North Korea,PRK,2014,40.04,59.96,0.05,371.04,843.97
North Korea,PRK,2015,47.54,52.46,0.16,433.18,740.17
North Korea,PRK,2016,46.62,53.38,0.17,425.87,926.52
North Korea,PRK,2017,49.51,50.49,0.21,452.84,907.52
North Korea,PRK,2018,48.73,51.27,0.24,446.23,957.54
North Korea,PRK,2019,53.6,46.4,0.34,486.6,917.13
North Korea,PRK,2020,46.47,53.53,0.41,424.48,922.09
North Korea,PRK,2021,36.68,63.32,0.51,342.57,977.03
North Korea,PRK,2022,36.91,63.09,0.56,344.26,1008.4
North Korea,PRK,2023,37.31,62.69,0.56,346.18,1011.42
North Korea,PRK,2024,36.64,63.36,0.63,340.59,1022.69
North Macedonia,MKD,2000,82.82,17.18,0,822.32,3363.71
North Macedonia,MKD,2001,90.11,9.89,0,907.38,3290.91
North Macedonia,MKD,2002,87.52,12.48,0,880.13,3316.49
North Macedonia,MKD,2003,79.64,20.36,0,811.29,3689.79
North Macedonia,MKD,2004,77.78,22.22,0,794.29,3757.34
North Macedonia,MKD,2005,78.53,21.47,0,802.59,4086.5
North Macedonia,MKD,2006,76.46,23.54,0,768.9,4212.07
North Macedonia,MKD,2007,84.46,15.54,0,835.39,4318.02
North Macedonia,MKD,2008,86.69,13.31,0,873.22,4365.39
North Macedonia,MKD,2009,81.38,18.62,0,816.72,4008.54
North Macedonia,MKD,2010,66.53,33.47,0,677.69,4231.03
North Macedonia,MKD,2011,78.85,21.15,0,794.38,4626.44
North Macedonia,MKD,2012,83.39,16.61,0,819.49,4404.9
North Macedonia,MKD,2013,73.89,26.11,0.16,719.21,4231.9
North Macedonia,MKD,2014,76.02,23.98,1.49,749.07,4174.5
North Macedonia,MKD,2015,64.07,35.93,2.48,631.86,4120.45
North Macedonia,MKD,2016,63.23,36.77,2.31,593.25,3905.64
North Macedonia,MKD,2017,76.96,23.04,2.32,705.36,3905.45
North Macedonia,MKD,2018,65.06,34.94,2.14,595.37,3922.43
North Macedonia,MKD,2019,77.17,22.83,2.04,700.17,4057.66
North Macedonia,MKD,2020,72.28,27.71,2.62,623.6,4097.18
North Macedonia,MKD,2021,70.16,29.84,2.71,562.39,4327.14
North Macedonia,MKD,2022,72.9,27.1,3.54,624.58,3994.05
North Macedonia,MKD,2023,67.92,32.08,7.55,568.94,3843.21
North Macedonia,MKD,2024,60.54,39.46,16.8,510.3,3850.77
Norway,NOR,2000,0.29,99.71,0.02,25.75,27493.6
Norway,NOR,2001,0.48,99.52,0.03,26.87,27669.4
Norway,NOR,2002,0.41,99.58,0.06,26.49,26560.06
Norway,NOR,2003,0.6,99.4,0.21,27.75,25092.75
Norway,NOR,2004,0.65,99.36,0.23,27.88,26471.45
Norway,NOR,2005,0.53,99.47,0.36,26.96,27083.44
Norway,NOR,2006,0.68,99.32,0.53,27.88,26192.54
Norway,NOR,2007,0.86,99.14,0.65,28.58,26774.17
Norway,NOR,2008,0.59,99.41,0.65,27.48,26704.57
Norway,NOR,2009,3.43,96.57,0.74,39.09,25263.92
Norway,NOR,2010,4.21,95.79,0.71,42.88,26730.56
Norway,NOR,2011,3.19,96.81,1.02,38.36,24803.31
Norway,NOR,2012,1.77,98.23,1.05,32.15,25577.6
Norway,NOR,2013,2.04,97.96,1.41,33.95,25221.82
Norway,NOR,2014,2.09,97.91,1.58,33.93,24389.78
Norway,NOR,2015,2.05,97.95,1.76,33.64,24731.31
Norway,NOR,2016,1.95,98.05,1.43,33.1,25137.63
Norway,NOR,2017,1.88,98.12,1.92,32.98,25225.48
Norway,NOR,2018,1.98,98.02,2.65,33.1,25564.07
Norway,NOR,2019,2.06,97.94,4.13,33.48,25033.04
Norway,NOR,2020,1.48,98.52,6.47,30.39,24882.54
Norway,NOR,2021,0.68,99.32,7.55,26.92,25803.97
Norway,NOR,2022,1.35,98.64,10.29,29.64,24354.95
Norway,NOR,2023,1.53,98.47,9.32,30.46,24621.47
Norway,NOR,2024,1.39,98.61,9.63,29.66,24866.16
Oman,OMN,2000,100.0,0.0,0,580.68,3991.87
Oman,OMN,2001,100.0,0.0,0,581.11,4216.04
Oman,OMN,2002,100.0,0.0,0,580.83,4419.92
Oman,OMN,2003,100.0,0.0,0,581.7,4530.84
Oman,OMN,2004,100.0,0.0,0,580.87,4782.06
Oman,OMN,2005,100.0,0.0,0,579.45,5142.68
Oman,OMN,2006,100.0,0.0,0,578.63,5284.73
Oman,OMN,2007,100.0,0.0,0,565.98,5513.24
Oman,OMN,2008,100.0,0.0,0,566.36,6110.71
Oman,OMN,2009,100.0,0.0,0,566.4,6872.37
Oman,OMN,2010,100.0,0.0,0,566.89,7184.17
Oman,OMN,2011,100.0,0.0,0,566.99,7108.12
Oman,OMN,2012,100.0,0.0,0,566.75,7053.64
Oman,OMN,2013,100.0,0.0,0,567.07,6844.18
Oman,OMN,2014,100.0,0.0,0,567.11,7278.05
Oman,OMN,2015,100.0,0.0,0,567.33,7825.76
Oman,OMN,2016,100.0,0.0,0,567.34,7795.7
Oman,OMN,2017,99.94,0.06,0.06,566.81,7967.12
Oman,OMN,2018,99.87,0.13,0.13,566.47,8212.48
Oman,OMN,2019,99.85,0.15,0.15,566.47,8470.46
Oman,OMN,2020,99.74,0.26,0.26,565.18,8446.65
Oman,OMN,2021,98.29,1.71,1.71,559.27,9110.24
Oman,OMN,2022,95.52,4.48,4.48,545.28,8963.63
Oman,OMN,2023,95.11,4.89,4.89,542.44,8912.18
Oman,OMN,2024,95.11,4.89,4.89,542.77,9296.53
Pakistan,PAK,2000,73.58,26.43,0,499.93,429.3
Pakistan,PAK,2001,70.99,29.01,0,483.71,452.75
Pakistan,PAK,2002,68.13,31.87,0,465.62,464.21
Pakistan,PAK,2003,63.51,36.49,0,442.37,491.59
Pakistan,PAK,2004,66.5,33.5,0,461.84,502.49
Pakistan,PAK,2005,63.76,36.24,0,441.73,539.8
Pakistan,PAK,2006,64.27,35.73,0,442.98,554.87
Pakistan,PAK,2007,66.44,33.56,0,456.68,522.24
Pakistan,PAK,2008,66.89,33.12,0,459.09,492.03
Pakistan,PAK,2009,66.97,33.02,0.01,458.23,495.74
Pakistan,PAK,2010,62.58,37.42,0.02,429.66,475.86
Pakistan,PAK,2011,64.65,35.35,0.05,443.32,466.76
Pakistan,PAK,2012,62.91,37.09,0.08,431.7,474.22
Pakistan,PAK,2013,63.62,36.38,0.51,436.21,498.88
Pakistan,PAK,2014,62.92,37.08,0.96,432.77,505.68
Pakistan,PAK,2015,62.51,37.49,1.04,431.78,521.19
Pakistan,PAK,2016,66.4,33.6,1.64,456.96,560.55
Pakistan,PAK,2017,68.74,31.26,2.32,486.12,586.37
Pakistan,PAK,2018,67.12,32.88,3.16,484.11,570.71
Pakistan,PAK,2019,63.07,36.93,4.07,468.99,587.0
Pakistan,PAK,2020,64.46,35.54,4.79,477.49,624.08
Pakistan,PAK,2021,62.31,37.69,6.35,456.77,683.61
Pakistan,PAK,2022,58.61,41.39,7.99,431.66,723.96
Pakistan,PAK,2023,53.77,46.23,10.12,401.29,696.75
Pakistan,PAK,2024,49.73,50.27,14.28,373.69,698.22
Palestine,PSE,2000,100.0,0.0,0,666.67,726.57
Palestine,PSE,2001,100.0,0.0,0,750.0,653.86
Palestine,PSE,2002,100.0,0.0,0,666.67,740.44
Palestine,PSE,2003,100.0,0.0,0,647.06,782.8
Palestine,PSE,2004,100.0,0.0,0,650.0,863.26
Palestine,PSE,2005,100.0,0.0,0,660.0,944.51
Palestine,PSE,2006,100.0,0.0,0,657.14,946.48
Palestine,PSE,2007,100.0,0.0,0,666.67,966.1
Palestine,PSE,2008,100.0,0.0,0,651.16,1120.38
Palestine,PSE,2009,100.0,0.0,0,660.0,1142.49
Palestine,PSE,2010,100.0,0.0,0,659.57,1152.62
Palestine,PSE,2011,100.0,0.0,0,666.67,1260.96
Palestine,PSE,2012,100.0,0.0,0,652.17,1273.92
Palestine,PSE,2013,100.0,0.0,0,660.38,1218.93
Palestine,PSE,2014,100.0,0.0,0,647.06,1195.68
Palestine,PSE,2015,98.08,1.92,1.92,653.85,1311.49
Palestine,PSE,2016,92.45,7.55,7.55,603.77,1295.13
Palestine,PSE,2017,90.91,9.09,9.09,600.0,1292.5
Palestine,PSE,2018,85.71,14.29,14.29,571.43,1307.06
Palestine,PSE,2019,85.19,14.81,14.81,567.9,1424.03
Palestine,PSE,2020,78.57,21.43,21.43,523.81,1451.77
Palestine,PSE,2021,75.82,24.18,24.18,505.5,1463.74
Palestine,PSE,2022,66.67,33.33,33.33,460.78,1455.16
Palestine,PSE,2023,60.0,40.0,40.0,423.53,1464.17
Palestine,PSE,2024,60.61,39.39,39.39,414.14,1453.93
Panama,PAN,2000,29.65,70.35,0,210.63,1664.24
Panama,PAN,2001,50.78,49.22,0,345.7,1641.94
Panama,PAN,2002,35.35,64.65,0,247.64,1687.26
Panama,PAN,2003,49.01,50.99,0,335.73,1689.75
Panama,PAN,2004,34.03,65.97,0,239.58,1731.69
Panama,PAN,2005,35.74,64.26,0,250.86,1741.61
Panama,PAN,2006,39.8,60.2,0,277.59,1757.03
Panama,PAN,2007,42.26,57.74,0,292.57,1844.37
Panama,PAN,2008,37.95,62.05,0,264.39,1856.8
Panama,PAN,2009,43.27,56.73,0,298.12,1930.21
Panama,PAN,2010,42.95,57.05,0,296.75,2042.14
Panama,PAN,2011,47.31,52.69,0,336.32,2133.47
Panama,PAN,2012,37.05,62.95,0,276.42,2279.7
Panama,PAN,2013,42.12,57.88,0,307.26,2339.67
Panama,PAN,2014,44.19,55.81,1.4,320.43,2412.58
Panama,PAN,2015,34.66,65.34,4.27,258.25,2570.68
Panama,PAN,2016,33.36,66.64,6.43,247.24,2608.53
Panama,PAN,2017,28.17,71.83,5.89,205.62,2617.9
Panama,PAN,2018,22.23,77.77,7.32,169.64,2612.85
Panama,PAN,2019,47.25,52.75,8.68,325.6,2666.07
Panama,PAN,2020,24.31,75.69,8.23,180.99,2443.37
Panama,PAN,2021,21.64,78.36,9.25,161.85,2685.59
Panama,PAN,2022,22.78,77.22,10.45,168.98,2710.89
Panama,PAN,2023,39.36,60.64,13.43,266.21,2908.88
Panama,PAN,2024,32.02,67.98,14.52,221.15,2943.15
Papua New Guinea,PNG,2000,57.6,42.4,0,396.31,391.9
Papua New Guinea,PNG,2001,65.67,34.33,0,447.76,467.84
Papua New Guinea,PNG,2002,67.94,32.06,0,459.93,484.47
Papua New Guinea,PNG,2003,69.88,30.12,0,475.16,525.8
Papua New Guinea,PNG,2004,73.22,26.78,0,492.88,554.67
Papua New Guinea,PNG,2005,67.4,32.6,0,458.56,553.86
Papua New Guinea,PNG,2006,66.18,33.82,0,452.94,503.87
Papua New Guinea,PNG,2007,62.69,37.31,0,429.85,481.09
Papua New Guinea,PNG,2008,63.34,36.66,0,436.95,474.73
Papua New Guinea,PNG,2009,62.91,37.09,0,433.23,455.01
Papua New Guinea,PNG,2010,64.39,35.61,0,441.6,459.81
Papua New Guinea,PNG,2011,62.53,37.47,0,429.75,461.87
Papua New Guinea,PNG,2012,63.27,36.73,0,431.64,461.55
Papua New Guinea,PNG,2013,64.84,35.16,0,443.89,482.98
Papua New Guinea,PNG,2014,66.59,33.41,0,453.27,502.14
Papua New Guinea,PNG,2015,68.65,31.35,0,465.78,518.11
Papua New Guinea,PNG,2016,70.23,29.77,0,477.99,532.26
Papua New Guinea,PNG,2017,72.18,27.82,0,491.95,473.92
Papua New Guinea,PNG,2018,77.06,22.94,0,518.35,464.1
Papua New Guinea,PNG,2019,73.6,26.4,0,495.33,445.42
Papua New Guinea,PNG,2020,72.68,27.32,0,490.24,417.7
Papua New Guinea,PNG,2021,75.28,24.72,0,507.73,452.42
Papua New Guinea,PNG,2022,78.87,21.13,0.22,529.41,449.86
Papua New Guinea,PNG,2023,76.32,23.68,0.21,513.74,455.26
Papua New Guinea,PNG,2024,76.32,23.68,0.21,513.74,447.22
Paraguay,PRY,2000,0.0,100.0,0,23.74,1201.76
Paraguay,PRY,2001,0.0,100.0,0,23.83,1191.28
Paraguay,PRY,2002,0.0,100.0,0,23.85,1222.12
Paraguay,PRY,2003,0.0,100.0,0,23.76,1237.22
Paraguay,PRY,2004,0.0,100.0,0,23.69,1284.29
Paraguay,PRY,2005,0.0,100.0,0,23.84,1354.6
Paraguay,PRY,2006,0.0,100.0,0,23.81,1464.09
Paraguay,PRY,2007,0.0,100.0,0,23.83,1546.93
Paraguay,PRY,2008,0.0,100.0,0,23.8,1633.54
Paraguay,PRY,2009,0.0,100.0,0,23.84,1745.65
Paraguay,PRY,2010,0.0,100.0,0,23.68,1861.29
Paraguay,PRY,2011,0.0,100.0,0,23.78,1977.77
Paraguay,PRY,2012,0.0,100.0,0,23.74,2131.59
Paraguay,PRY,2013,0.0,100.0,0,24.13,2198.1
Paraguay,PRY,2014,0.02,99.98,0,24.36,2311.44
Paraguay,PRY,2015,0.0,100.0,0,24.16,2396.45
Paraguay,PRY,2016,0.0,100.0,0,24.4,2483.55
Paraguay,PRY,2017,0.0,100.0,0,24.24,2554.17
Paraguay,PRY,2018,0.0,100.0,0,24.27,2665.16
Paraguay,PRY,2019,0.0,100.0,0,24.2,2738.27
Paraguay,PRY,2020,0.0,100.0,0,24.88,2821.13
Paraguay,PRY,2021,0.0,100.0,0,24.98,2860.48
Paraguay,PRY,2022,0.0,100.0,0,24.71,2982.05
Paraguay,PRY,2023,0.0,100.0,0,24.51,3309.4
Paraguay,PRY,2024,0.0,100.0,0,24.76,3811.43
Peru,PER,2000,18.02,81.98,0,141.06,748.92
Peru,PER,2001,14.44,85.56,0,117.96,770.27
Peru,PER,2002,17.1,82.9,0,139.15,805.84
Peru,PER,2003,18.32,81.68,0,145.66,831.38
Peru,PER,2004,27.13,72.87,0,200.0,870.67
Peru,PER,2005,27.73,72.28,0,200.0,907.43
Peru,PER,2006,26.72,73.28,0,192.98,965.95
Peru,PER,2007,33.28,66.72,0,229.54,1049.05
Peru,PER,2008,39.87,60.13,0,269.2,1129.22
Peru,PER,2009,39.4,60.6,0,265.19,1137.15
Peru,PER,2010,42.3,57.7,0,283.09,1230.14
Peru,PER,2011,43.23,56.77,0,286.52,1339.06
Peru,PER,2012,44.74,55.26,0.15,297.55,1352.27
Peru,PER,2013,46.06,53.94,0.46,304.99,1459.19
Peru,PER,2014,47.63,52.37,1.01,309.64,1518.14
Peru,PER,2015,47.28,52.72,1.72,305.78,1583.18
Peru,PER,2016,49.6,50.4,2.52,320.94,1672.04
Peru,PER,2017,41.4,58.6,2.58,271.49,1683.34
Peru,PER,2018,38.87,61.13,4.12,252.84,1712.98
Peru,PER,2019,39.46,60.54,4.27,256.73,1754.43
Peru,PER,2020,36.52,63.48,4.91,239.67,1614.87
Peru,PER,2021,38.43,61.57,4.6,250.92,1720.06
Peru,PER,2022,44.76,55.24,4.62,287.81,1790.57
Peru,PER,2023,45.62,54.38,4.55,291.77,1799.35
Peru,PER,2024,39.89,60.11,5.13,258.73,1733.6
Philippines,PHL,2000,57.11,42.89,0,468.21,568.91
Philippines,PHL,2001,62.72,37.28,0,506.06,578.0
Philippines,PHL,2002,64.36,35.64,0,467.19,583.37
Philippines,PHL,2003,66.58,33.41,0,455.61,624.79
Philippines,PHL,2004,66.27,33.73,0,460.67,647.5
Philippines,PHL,2005,67.63,32.37,0.04,448.65,642.72
Philippines,PHL,2006,63.97,36.03,0.09,427.44,634.35
Philippines,PHL,2007,68.4,31.6,0.1,452.2,654.62
Philippines,PHL,2008,66.1,33.9,0.1,431.11,656.1
Philippines,PHL,2009,67.43,32.57,0.1,441.38,656.04
Philippines,PHL,2010,73.7,26.3,0.09,504.65,703.05
Philippines,PHL,2011,71.34,28.66,0.13,492.99,703.83
Philippines,PHL,2012,71.55,28.45,0.11,505.28,727.62
Philippines,PHL,2013,73.59,26.41,0.09,529.98,737.0
Philippines,PHL,2014,74.39,25.61,0.22,536.84,744.26
Philippines,PHL,2015,74.59,25.41,1.08,544.78,782.43
Philippines,PHL,2016,75.79,24.21,2.29,560.19,850.61
Philippines,PHL,2017,75.44,24.55,2.43,560.51,872.74
Philippines,PHL,2018,76.63,23.37,2.41,572.39,911.16
Philippines,PHL,2019,79.21,20.79,2.16,592.66,956.91
Philippines,PHL,2020,78.77,21.23,2.36,598.82,907.82
Philippines,PHL,2021,77.86,22.14,2.6,599.57,935.09
Philippines,PHL,2022,77.84,22.16,2.58,602.51,978.82
Philippines,PHL,2023,78.57,21.43,2.72,616.12,1016.0
Philippines,PHL,2024,79.53,20.47,2.88,621.73,1071.88
Poland,POL,2000,98.37,1.63,0,954.6,3575.98
Poland,POL,2001,98.07,1.93,0.01,949.56,3581.68
Poland,POL,2002,98.06,1.94,0.04,945.61,3542.3
Poland,POL,2003,98.5,1.5,0.08,949.8,3660.66
Poland,POL,2004,97.9,2.1,0.09,941.26,3753.19
Poland,POL,2005,97.52,2.48,0.09,932.26,3779.73
Poland,POL,2006,97.33,2.67,0.16,931.92,3932.37
Poland,POL,2007,96.58,3.42,0.33,925.44,4028.62
Poland,POL,2008,95.72,4.28,0.54,918.51,4048.59
Poland,POL,2009,94.24,5.76,0.72,904.81,3912.15
Poland,POL,2010,93.06,6.94,1.06,893.03,4079.76
Poland,POL,2011,91.94,8.06,1.97,881.69,4125.51
Poland,POL,2012,89.55,10.45,2.94,860.79,4147.68
Poland,POL,2013,89.58,10.42,3.66,863.23,4162.65
Poland,POL,2014,87.46,12.54,4.86,844.08,4194.94
Poland,POL,2015,86.19,13.81,6.65,826.11,4284.97
Poland,POL,2016,86.26,13.74,7.66,818.55,4390.64
Poland,POL,2017,85.8,14.2,8.88,805.54,4501.38
Poland,POL,2018,87.24,12.76,7.73,809.01,4579.37
Poland,POL,2019,84.4,15.6,9.69,771.66,4547.7
Poland,POL,2020,82.04,17.96,11.3,738.28,4464.65
Poland,POL,2021,82.91,17.09,11.28,756.36,4723.41
Poland,POL,2022,78.9,21.1,15.73,732.48,4609.0
Poland,POL,2023,72.29,27.71,21.32,650.68,4366.55
Poland,POL,2024,68.85,31.15,25.3,608.18,4517.22
Portugal,PRT,2000,70.22,29.79,0.39,546.17,4292.44
Portugal,PRT,2001,65.83,34.17,0.56,506.95,4471.56
Portugal,PRT,2002,78.64,21.36,0.79,592.54,4556.78
Portugal,PRT,2003,61.84,38.16,1.08,485.23,4704.31
Portugal,PRT,2004,72.45,27.55,1.83,541.18,4881.03
Portugal,PRT,2005,82.07,17.93,3.85,595.31,5029.99
Portugal,PRT,2006,67.52,32.48,6.05,503.93,5115.87
Portugal,PRT,2007,65.3,34.7,8.69,472.28,5138.99
Portugal,PRT,2008,67.71,32.29,12.79,471.55,5184.55
Portugal,PRT,2009,62.96,37.04,15.67,452.82,5120.9
Portugal,PRT,2010,46.99,53.01,17.56,317.13,5303.13
Portugal,PRT,2011,53.44,46.56,18.23,375.05,5170.95
Portugal,PRT,2012,57.37,42.63,23.44,441.24,5072.69
Portugal,PRT,2013,41.47,58.53,24.81,340.42,5080.18
Portugal,PRT,2014,39.05,60.95,24.59,325.68,5064.29
Portugal,PRT,2015,52.37,47.63,24.25,413.96,5150.3
Portugal,PRT,2016,45.3,54.7,22.59,343.61,5215.35
Portugal,PRT,2017,60.79,39.21,22.99,433.76,5315.15
Portugal,PRT,2018,49.6,50.4,23.36,358.7,5393.52
Portugal,PRT,2019,46.88,53.12,29.09,300.97,5317.49
Portugal,PRT,2020,41.41,58.59,27.28,248.3,5096.18
Portugal,PRT,2021,35.92,64.08,31.39,210.48,5193.94
Portugal,PRT,2022,40.41,59.59,36.2,225.34,5335.47
Portugal,PRT,2023,25.53,74.47,39.68,158.43,5404.22
Portugal,PRT,2024,14.81,85.19,45.34,110.64,5538.45
Puerto Rico,PRI,2000,99.31,0.69,0,657.21,5735.11
Puerto Rico,PRI,2001,99.42,0.58,0,655.76,5851.02
Puerto Rico,PRI,2002,99.53,0.47,0,664.08,6077.6
Puerto Rico,PRI,2003,99.58,0.42,0,684.78,6284.74
Puerto Rico,PRI,2004,99.42,0.58,0,685.3,6357.51
Puerto Rico,PRI,2005,99.44,0.56,0,684.3,6588.51
Puerto Rico,PRI,2006,99.44,0.56,0,689.23,6612.43
Puerto Rico,PRI,2007,99.35,0.65,0,689.22,6558.44
Puerto Rico,PRI,2008,99.31,0.69,0,690.32,6201.44
Puerto Rico,PRI,2009,99.26,0.74,0,688.37,6168.65
Puerto Rico,PRI,2010,99.31,0.69,0,686.02,6258.69
Puerto Rico,PRI,2011,99.33,0.67,0,691.38,6042.82
Puerto Rico,PRI,2012,99.46,0.54,0.14,687.44,6115.58
Puerto Rico,PRI,2013,98.65,1.35,0.98,684.82,5955.46
Puerto Rico,PRI,2014,98.34,1.66,1.28,686.61,5906.82
Puerto Rico,PRI,2015,98.18,1.82,1.58,680.86,5934.45
Puerto Rico,PRI,2016,98.11,1.89,1.5,683.14,5937.85
Puerto Rico,PRI,2017,97.74,2.26,1.89,673.99,4857.83
Puerto Rico,PRI,2018,97.34,2.66,2.37,671.57,5376.79
Puerto Rico,PRI,2019,96.19,3.81,3.45,673.63,5824.16
Puerto Rico,PRI,2020,96.02,3.98,3.67,668.59,5821.48
Puerto Rico,PRI,2021,95.35,4.65,4.34,665.29,5951.05
Puerto Rico,PRI,2022,94.62,5.38,5.08,660.3,6140.13
Puerto Rico,PRI,2023,94.62,5.38,5.08,660.3,6138.15
Puerto Rico,PRI,2024,94.0,6.0,5.7,656.0,6168.63
Qatar,QAT,2000,100.0,0.0,0,603.51,14155.19
Qatar,QAT,2001,100.0,0.0,0,604.02,14676.94
Qatar,QAT,2002,100.0,0.0,0,603.29,15382.13
Qatar,QAT,2003,100.0,0.0,0,603.66,16127.52
Qatar,QAT,2004,100.0,0.0,0,603.93,17107.59
Qatar,QAT,2005,100.0,0.0,0,603.47,17445.69
Qatar,QAT,2006,100.0,0.0,0,603.63,17556.83
Qatar,QAT,2007,100.0,0.0,0,603.8,16101.26
Qatar,QAT,2008,100.0,0.0,0,603.61,15151.28
Qatar,QAT,2009,100.0,0.0,0,603.48,15232.79
Qatar,QAT,2010,100.0,0.0,0,603.77,16463.48
Qatar,QAT,2011,100.0,0.0,0,603.65,16968.9
Qatar,QAT,2012,99.97,0.03,0,603.45,18247.39
Qatar,QAT,2013,99.77,0.23,0,602.88,17095.91
Qatar,QAT,2014,99.72,0.28,0.03,602.58,17490.26
Qatar,QAT,2015,99.69,0.31,0.02,602.45,17150.46
Qatar,QAT,2016,99.69,0.31,0.02,602.5,16326.96
Qatar,QAT,2017,99.69,0.31,0.02,602.41,16883.93
Qatar,QAT,2018,99.69,0.31,0.02,602.37,17405.83
Qatar,QAT,2019,99.74,0.26,0.02,602.8,17870.37
Qatar,QAT,2020,99.72,0.28,0.02,602.63,17621.62
Qatar,QAT,2021,99.71,0.29,0.02,602.43,18397.95
Qatar,QAT,2022,98.69,1.31,1.08,596.9,18928.48
Qatar,QAT,2023,96.44,3.56,3.33,584.25,18925.27
Qatar,QAT,2024,95.98,4.02,3.79,581.69,18593.18
Reunion,REU,2000,53.41,46.59,0,482.96,2306.24
Reunion,REU,2001,59.46,40.54,0,518.92,2395.62
Reunion,REU,2002,56.99,43.01,0,492.23,2470.22
Reunion,REU,2003,58.65,41.35,0,500.0,2631.01
Reunion,REU,2004,60.27,39.73,0,493.15,2747.76
Reunion,REU,2005,66.08,33.92,0,568.28,2836.7
Reunion,REU,2006,63.98,36.02,0,559.32,2925.55
Reunion,REU,2007,63.01,36.99,0.41,577.24,3004.66
Reunion,REU,2008,64.17,35.83,0.39,578.74,3058.41
Reunion,REU,2009,67.56,32.44,1.53,595.42,3124.73
Reunion,REU,2010,65.93,34.07,3.7,585.19,3197.23
Reunion,REU,2011,69.82,30.18,5.46,610.91,3247.56
Reunion,REU,2012,65.25,34.75,7.45,581.56,3337.03
Reunion,REU,2013,62.06,37.94,8.51,553.19,3327.04
Reunion,REU,2014,66.78,33.22,9.09,576.92,3330.7
Reunion,REU,2015,63.79,36.21,8.97,551.72,3352.54
Reunion,REU,2016,65.99,34.01,9.52,561.22,3407.27
Reunion,REU,2017,67.78,32.22,9.06,570.47,3470.12
Reunion,REU,2018,63.73,36.27,8.81,535.59,3442.46
Reunion,REU,2019,68.85,31.15,8.85,567.21,3557.57
Reunion,REU,2020,75.46,24.54,7.12,643.8,4399.55
Reunion,REU,2021,71.84,28.16,8.74,572.82,3559.56
Reunion,REU,2022,62.42,37.58,8.82,483.66,3511.01
Reunion,REU,2023,43.32,56.68,10.1,394.14,3509.04
Romania,ROU,2000,60.74,39.26,0,513.77,2306.97
Romania,ROU,2001,61.96,38.04,0,524.56,2383.22
Romania,ROU,2002,60.38,39.62,0,515.07,2368.85
Romania,ROU,2003,66.87,33.13,0,573.85,2443.33
Romania,ROU,2004,60.94,39.06,0,518.15,2583.26
Romania,ROU,2005,56.56,43.44,0,489.97,2660.11
Romania,ROU,2006,61.65,38.35,0,530.37,2771.0
Romania,ROU,2007,61.47,38.53,0,529.73,2849.45
Romania,ROU,2008,56.14,43.86,0,497.53,2925.37
Romania,ROU,2009,52.6,47.4,0.02,469.7,2686.99
Romania,ROU,2010,47.17,52.83,0.51,424.53,2845.95
Romania,ROU,2011,54.58,45.42,2.25,490.62,2952.86
Romania,ROU,2012,54.9,45.1,4.53,486.85,2916.39
Romania,ROU,2013,45.4,54.6,8.49,389.76,2799.69
Romania,ROU,2014,40.23,59.77,12.05,357.06,2894.11
Romania,ROU,2015,42.38,57.62,13.77,369.02,2965.63
Romania,ROU,2016,40.42,59.58,13.1,345.38,2993.37
Romania,ROU,2017,43.66,56.34,14.59,369.22,3080.34
Romania,ROU,2018,41.36,58.64,12.63,348.06,3139.63
Romania,ROU,2019,38.89,61.11,14.55,328.97,3091.04
Romania,ROU,2020,34.65,65.35,15.72,277.85,2990.85
Romania,ROU,2021,35.76,64.24,14.14,289.96,3156.67
Romania,ROU,2022,36.59,63.41,16.42,297.77,2919.64
Romania,ROU,2023,30.55,69.45,17.17,243.2,2820.83
Romania,ROU,2024,32.8,67.2,18.68,251.33,2928.2
Russia,RUS,2000,66.41,33.59,0,469.94,5886.81
Russia,RUS,2001,65.11,34.89,0,458.3,5991.15
Russia,RUS,2002,65.89,34.11,0.0,463.04,6018.52
Russia,RUS,2003,66.56,33.44,0.0,465.28,6193.04
Russia,RUS,2004,65.57,34.43,0.0,453.72,6366.51
Russia,RUS,2005,66.2,33.8,0.0,457.4,6512.75
Russia,RUS,2006,66.71,33.29,0.0,462.51,6775.09
Russia,RUS,2007,66.86,33.14,0.0,458.19,6992.23
Russia,RUS,2008,68.43,31.57,0.0,475.11,7109.08
Russia,RUS,2009,65.94,34.06,0,452.1,6799.51
Russia,RUS,2010,67.49,32.51,0,458.02,7090.52
Russia,RUS,2011,68.09,31.91,0.0,461.31,7166.64
Russia,RUS,2012,68.06,31.94,0.0,461.86,7296.3
Russia,RUS,2013,66.56,33.44,0.0,450.16,7229.39
Russia,RUS,2014,66.64,33.36,0.02,449.29,7287.53
Russia,RUS,2015,65.86,34.14,0.05,444.35,7266.58
Russia,RUS,2016,64.96,35.04,0.06,442.74,7384.28
Russia,RUS,2017,64.3,35.7,0.06,439.63,7391.71
Russia,RUS,2018,64.25,35.75,0.08,439.33,7488.83
Russia,RUS,2019,63.76,36.24,0.12,440.04,7505.0
Russia,RUS,2020,60.19,39.81,0.28,417.65,7342.15
Russia,RUS,2021,61.75,38.25,0.42,426.81,7787.71
Russia,RUS,2022,63.25,36.75,0.57,436.33,7903.15
Russia,RUS,2023,63.8,36.2,0.63,442.74,7987.6
Russia,RUS,2024,64.06,35.94,0.62,445.98,8237.17
Rwanda,RWA,2000,37.5,62.5,0,250.0,30.44
Rwanda,RWA,2001,40.0,60.0,0,266.67,32.58
Rwanda,RWA,2002,41.18,58.82,0,294.12,35.71
Rwanda,RWA,2003,33.33,66.67,0,222.22,34.94
Rwanda,RWA,2004,42.86,57.14,0,285.71,28.36
Rwanda,RWA,2005,47.37,52.63,0,315.79,30.92
Rwanda,RWA,2006,51.85,48.15,0,333.33,35.49
Rwanda,RWA,2007,52.0,48.0,0,360.0,34.55
Rwanda,RWA,2008,44.83,55.17,0,310.35,37.74
Rwanda,RWA,2009,48.39,51.61,0,322.58,36.78
Rwanda,RWA,2010,60.71,39.29,0,428.57,34.89
Rwanda,RWA,2011,57.14,42.86,0,400.0,39.72
Rwanda,RWA,2012,53.85,46.15,0,358.97,44.32
Rwanda,RWA,2013,59.46,40.54,0,405.41,41.47
Rwanda,RWA,2014,51.22,48.78,0,341.46,44.0
Rwanda,RWA,2015,43.14,56.86,1.96,294.12,50.69
Rwanda,RWA,2016,50.0,50.0,3.12,343.75,59.57
Rwanda,RWA,2017,53.85,46.15,3.08,353.85,59.01
Rwanda,RWA,2018,58.54,41.46,3.66,390.24,72.87
Rwanda,RWA,2019,49.41,50.59,3.53,329.41,68.88
Rwanda,RWA,2020,37.08,62.92,3.37,247.19,69.65
Rwanda,RWA,2021,41.0,59.0,4.0,280.0,76.37
Rwanda,RWA,2022,42.31,57.69,3.85,288.46,77.65
Rwanda,RWA,2023,50.91,49.09,3.64,354.55,85.99
Rwanda,RWA,2024,50.44,49.56,3.54,353.98,85.58
Saint Helena,SHN,2000,100.0,0.0,0,1000.0,1654.26
Saint Helena,SHN,2001,100.0,0.0,0,1000.0,1677.01
Saint Helena,SHN,2002,100.0,0.0,0,1000.0,1700.97
Saint Helena,SHN,2003,100.0,0.0,0,1000.0,1731.6
Saint Helena,SHN,2004,100.0,0.0,0,1000.0,1761.18
Saint Helena,SHN,2005,100.0,0.0,0,1000.0,1795.33
Saint Helena,SHN,2006,100.0,0.0,0,1000.0,1832.51
Saint Helena,SHN,2007,100.0,0.0,0,1000.0,1870.56
Saint Helena,SHN,2008,100.0,0.0,0,1000.0,1888.57
Saint Helena,SHN,2009,100.0,0.0,0,1000.0,1879.7
Saint Helena,SHN,2010,100.0,0.0,0,1000.0,1868.46
Saint Helena,SHN,2011,100.0,0.0,0,1000.0,1857.01
Saint Helena,SHN,2012,100.0,0.0,0,1000.0,1842.3
Saint Helena,SHN,2013,100.0,0.0,0,1000.0,1830.83
Saint Helena,SHN,2014,100.0,0.0,0,1000.0,1820.5
Saint Helena,SHN,2015,100.0,0.0,0,1000.0,1808.64
Saint Helena,SHN,2016,100.0,0.0,0,1000.0,1803.75
Saint Helena,SHN,2017,100.0,0.0,0,1000.0,1808.97
Saint Helena,SHN,2018,100.0,0.0,0,1000.0,1815.87
Saint Helena,SHN,2019,100.0,0.0,0,1000.0,1823.15
Saint Helena,SHN,2020,100.0,0.0,0,1000.0,1834.53
Saint Helena,SHN,2021,100.0,0.0,0,1000.0,1846.72
Saint Helena,SHN,2022,100.0,0.0,0,1000.0,1862.54
Saint Helena,SHN,2023,100.0,0.0,0,1000.0,1881.11
Saint Kitts and Nevis,KNA,2000,100.0,0.0,0,666.67,3313.31
Saint Kitts and Nevis,KNA,2001,100.0,0.0,0,687.5,3494.59
Saint Kitts and Nevis,KNA,2002,100.0,0.0,0,666.67,3908.97
Saint Kitts and Nevis,KNA,2003,100.0,0.0,0,666.67,3896.1
Saint Kitts and Nevis,KNA,2004,100.0,0.0,0,666.67,3884.59
Saint Kitts and Nevis,KNA,2005,100.0,0.0,0,684.21,4089.63
Saint Kitts and Nevis,KNA,2006,100.0,0.0,0,684.21,4077.95
Saint Kitts and Nevis,KNA,2007,100.0,0.0,0,666.67,4493.52
Saint Kitts and Nevis,KNA,2008,100.0,0.0,0,650.0,4268.31
Saint Kitts and Nevis,KNA,2009,100.0,0.0,0,636.36,4686.73
Saint Kitts and Nevis,KNA,2010,100.0,0.0,0,666.67,4480.38
Saint Kitts and Nevis,KNA,2011,100.0,0.0,0,636.36,4689.13
Saint Kitts and Nevis,KNA,2012,95.45,4.54,4.54,636.36,4675.28
Saint Kitts and Nevis,KNA,2013,95.45,4.54,4.54,636.36,4671.71
Saint Kitts and Nevis,KNA,2014,95.45,4.54,4.54,636.36,4669.72
Saint Kitts and Nevis,KNA,2015,95.45,4.54,4.54,636.36,4670.12
Saint Kitts and Nevis,KNA,2016,95.65,4.35,4.35,608.7,4883.33
Saint Kitts and Nevis,KNA,2017,100.0,0.0,0,636.36,4673.39
Saint Kitts and Nevis,KNA,2018,95.65,4.35,4.35,608.7,4890.29
Saint Kitts and Nevis,KNA,2019,95.65,4.35,4.35,608.7,4896.12
Saint Kitts and Nevis,KNA,2020,95.45,4.54,4.54,636.36,4691.23
Saint Kitts and Nevis,KNA,2021,95.45,4.54,4.54,636.36,4702.26
Saint Kitts and Nevis,KNA,2022,95.45,4.54,4.54,636.36,4707.69
Saint Kitts and Nevis,KNA,2023,95.45,4.54,4.54,636.36,4702.56
Saint Kitts and Nevis,KNA,2024,91.3,8.7,8.7,608.7,4907.5
Saint Lucia,LCA,2000,100.0,0.0,0,642.86,1765.18
Saint Lucia,LCA,2001,100.0,0.0,0,655.17,1809.71
Saint Lucia,LCA,2002,100.0,0.0,0,655.17,1793.94
Saint Lucia,LCA,2003,100.0,0.0,0,666.67,1840.66
Saint Lucia,LCA,2004,100.0,0.0,0,645.16,1887.37
Saint Lucia,LCA,2005,100.0,0.0,0,656.25,1934.0
Saint Lucia,LCA,2006,100.0,0.0,0,666.67,1980.12
Saint Lucia,LCA,2007,100.0,0.0,0,657.14,2086.24
Saint Lucia,LCA,2008,100.0,0.0,0,657.14,2073.26
Saint Lucia,LCA,2009,100.0,0.0,0,666.67,2119.14
Saint Lucia,LCA,2010,100.0,0.0,0,657.9,2223.25
Saint Lucia,LCA,2011,100.0,0.0,0,666.67,2269.9
Saint Lucia,LCA,2012,100.0,0.0,0,657.9,2201.69
Saint Lucia,LCA,2013,100.0,0.0,0,657.9,2191.72
Saint Lucia,LCA,2014,100.0,0.0,0,657.9,2182.09
Saint Lucia,LCA,2015,100.0,0.0,0,657.9,2172.43
Saint Lucia,LCA,2016,100.0,0.0,0,666.67,2220.31
Saint Lucia,LCA,2017,100.0,0.0,0,650.0,2268.19
Saint Lucia,LCA,2018,97.56,2.44,2.44,634.15,2315.97
Saint Lucia,LCA,2019,97.62,2.38,2.38,642.86,2363.87
Saint Lucia,LCA,2020,97.37,2.63,2.63,631.58,2131.71
Saint Lucia,LCA,2021,97.5,2.5,2.5,650.0,2240.39
Saint Lucia,LCA,2022,97.5,2.5,2.5,650.0,2237.21
Saint Lucia,LCA,2023,97.5,2.5,2.5,650.0,2231.01
Saint Lucia,LCA,2024,97.5,2.5,2.5,650.0,2225.3
Saint Pierre and Miquelon,SPM,2000,100.0,0.0,0,750.0,6332.12
Saint Pierre and Miquelon,SPM,2001,100.0,0.0,0,750.0,6350.21
Saint Pierre and Miquelon,SPM,2002,100.0,0.0,0,750.0,6376.53
Saint Pierre and Miquelon,SPM,2003,100.0,0.0,0,750.0,6416.43
Saint Pierre and Miquelon,SPM,2004,100.0,0.0,0,750.0,6460.99
Saint Pierre and Miquelon,SPM,2005,100.0,0.0,0,750.0,6515.72
Saint Pierre and Miquelon,SPM,2006,100.0,0.0,0,750.0,6563.83
Saint Pierre and Miquelon,SPM,2007,100.0,0.0,0,750.0,6585.45
Saint Pierre and Miquelon,SPM,2008,100.0,0.0,0,750.0,6597.39
Saint Pierre and Miquelon,SPM,2009,100.0,0.0,0,750.0,6607.2
Saint Pierre and Miquelon,SPM,2010,100.0,0.0,0,750.0,6614.85
Saint Pierre and Miquelon,SPM,2011,100.0,0.0,0,750.0,6626.9
Saint Pierre and Miquelon,SPM,2012,100.0,0.0,0,750.0,6645.62
Saint Pierre and Miquelon,SPM,2013,100.0,0.0,0,600.0,8334.72
Saint Pierre and Miquelon,SPM,2014,100.0,0.0,0,600.0,8355.61
Saint Pierre and Miquelon,SPM,2015,100.0,0.0,0,600.0,8373.81
Saint Pierre and Miquelon,SPM,2016,100.0,0.0,0,600.0,8393.49
Saint Pierre and Miquelon,SPM,2017,100.0,0.0,0,600.0,8409.01
Saint Pierre and Miquelon,SPM,2018,100.0,0.0,0,600.0,8428.86
Saint Pierre and Miquelon,SPM,2019,100.0,0.0,0,600.0,8476.01
Saint Pierre and Miquelon,SPM,2020,100.0,0.0,0,600.0,8544.09
Saint Pierre and Miquelon,SPM,2021,100.0,0.0,0,600.0,8617.72
Saint Pierre and Miquelon,SPM,2022,100.0,0.0,0,600.0,8680.56
Saint Pierre and Miquelon,SPM,2023,100.0,0.0,0,600.0,8761.17
Saint Vincent and the Grenadines,VCT,2000,70.0,30.0,0,500.0,880.58
Saint Vincent and the Grenadines,VCT,2001,80.0,20.0,0,500.0,881.01
Saint Vincent and the Grenadines,VCT,2002,80.0,20.0,0,500.0,882.11
Saint Vincent and the Grenadines,VCT,2003,81.82,18.18,0,545.46,972.17
Saint Vincent and the Grenadines,VCT,2004,75.0,25.0,0,500.0,1063.3
Saint Vincent and the Grenadines,VCT,2005,78.57,21.43,0,500.0,1244.83
Saint Vincent and the Grenadines,VCT,2006,84.61,15.38,0,538.46,1160.43
Saint Vincent and the Grenadines,VCT,2007,85.71,14.29,0,571.43,1255.11
Saint Vincent and the Grenadines,VCT,2008,85.71,14.29,0,571.43,1260.73
Saint Vincent and the Grenadines,VCT,2009,85.71,14.29,0,571.43,1266.73
Saint Vincent and the Grenadines,VCT,2010,80.0,20.0,0,533.33,1363.96
Saint Vincent and the Grenadines,VCT,2011,78.57,21.43,0,500.0,1280.09
Saint Vincent and the Grenadines,VCT,2012,80.0,20.0,0,533.33,1379.27
Saint Vincent and the Grenadines,VCT,2013,85.71,14.29,0,571.43,1294.43
Saint Vincent and the Grenadines,VCT,2014,92.86,7.14,0,642.86,1301.66
Saint Vincent and the Grenadines,VCT,2015,86.67,13.33,0,600.0,1402.2
Saint Vincent and the Grenadines,VCT,2016,87.5,12.5,0,562.5,1504.25
Saint Vincent and the Grenadines,VCT,2017,86.67,13.33,0,600.0,1419.46
Saint Vincent and the Grenadines,VCT,2018,86.67,13.33,0,600.0,1429.4
Saint Vincent and the Grenadines,VCT,2019,86.67,13.33,0,600.0,1439.77
Saint Vincent and the Grenadines,VCT,2020,86.67,13.33,0,600.0,1448.72
Saint Vincent and the Grenadines,VCT,2021,85.71,14.29,0,571.43,1361.23
Saint Vincent and the Grenadines,VCT,2022,86.67,13.33,0,600.0,1469.68
Saint Vincent and the Grenadines,VCT,2023,86.67,13.33,0,600.0,1480.3
Saint Vincent and the Grenadines,VCT,2024,86.67,13.33,0,600.0,1490.61
Samoa,WSM,2000,50.0,50.0,0,375.0,440.3
Samoa,WSM,2001,50.0,50.0,0,300.0,545.93
Samoa,WSM,2002,45.45,54.55,0,272.73,596.26
Samoa,WSM,2003,50.0,50.0,0,300.0,539.24
Samoa,WSM,2004,54.55,45.45,0,363.64,590.56
Samoa,WSM,2005,54.55,45.45,0,363.64,588.26
Samoa,WSM,2006,58.33,41.67,0,416.67,639.24
Samoa,WSM,2007,58.33,41.67,0,416.67,635.71
Samoa,WSM,2008,54.55,45.45,0,363.64,578.59
Samoa,WSM,2009,61.54,38.46,0,384.62,678.75
Samoa,WSM,2010,58.33,41.67,0,416.67,621.65
Samoa,WSM,2011,61.54,38.46,0,384.62,667.61
Samoa,WSM,2012,63.64,36.36,0,454.55,559.75
Samoa,WSM,2013,75.0,25.0,0,500.0,605.19
Samoa,WSM,2014,76.92,23.08,0,538.46,649.83
Samoa,WSM,2015,69.23,30.77,7.69,461.54,644.22
Samoa,WSM,2016,66.67,33.33,13.33,466.67,737.07
Samoa,WSM,2017,68.75,31.25,12.5,437.5,778.88
Samoa,WSM,2018,60.0,40.0,13.33,400.0,722.56
Samoa,WSM,2019,58.82,41.18,11.77,411.77,810.32
Samoa,WSM,2020,61.11,38.89,11.11,388.89,849.23
Samoa,WSM,2021,52.94,47.06,11.77,352.94,795.16
Samoa,WSM,2022,56.25,43.75,12.5,375.0,743.25
Samoa,WSM,2023,60.0,40.0,13.33,400.0,692.29
Samoa,WSM,2024,56.25,43.75,18.75,375.0,733.84
Sao Tome and Principe,STP,2000,66.67,33.33,0,333.33,208.29
Sao Tome and Principe,STP,2001,100.0,0.0,0,500.0,136.62
Sao Tome and Principe,STP,2002,75.0,25.0,0,500.0,266.79
Sao Tome and Principe,STP,2003,75.0,25.0,0,500.0,260.04
Sao Tome and Principe,STP,2004,75.0,25.0,0,500.0,253.61
Sao Tome and Principe,STP,2005,100.0,0.0,0,750.0,247.45
Sao Tome and Principe,STP,2006,80.0,20.0,0,600.0,301.84
Sao Tome and Principe,STP,2007,80.0,20.0,0,600.0,294.62
Sao Tome and Principe,STP,2008,80.0,20.0,0,600.0,287.67
Sao Tome and Principe,STP,2009,83.33,16.67,0,500.0,337.33
Sao Tome and Principe,STP,2010,100.0,0.0,0,600.0,275.01
Sao Tome and Principe,STP,2011,85.71,14.29,0,571.43,377.02
Sao Tome and Principe,STP,2012,87.5,12.5,0,625.0,422.27
Sao Tome and Principe,STP,2013,85.71,14.29,0,571.43,362.4
Sao Tome and Principe,STP,2014,87.5,12.5,0,625.0,406.55
Sao Tome and Principe,STP,2015,90.0,10.0,0,600.0,499.23
Sao Tome and Principe,STP,2016,90.91,9.09,0,636.36,540.0
Sao Tome and Principe,STP,2017,100.0,0.0,0,700.0,483.12
Sao Tome and Principe,STP,2018,100.0,0.0,0,700.0,475.74
Sao Tome and Principe,STP,2019,90.91,9.09,0,636.36,515.45
Sao Tome and Principe,STP,2020,90.91,9.09,0,636.36,505.86
Sao Tome and Principe,STP,2021,90.91,9.09,0,636.36,495.55
Sao Tome and Principe,STP,2022,88.89,11.11,0,555.56,397.68
Sao Tome and Principe,STP,2023,88.89,11.11,0,555.56,389.81
Saudi Arabia,SAU,2000,100.0,0.0,0,692.34,8572.9
Saudi Arabia,SAU,2001,100.0,0.0,0,697.17,8572.65
Saudi Arabia,SAU,2002,100.0,0.0,0,699.7,8648.92
Saudi Arabia,SAU,2003,100.0,0.0,0,698.88,8866.88
Saudi Arabia,SAU,2004,100.0,0.0,0,700.48,8816.19
Saudi Arabia,SAU,2005,100.0,0.0,0,700.13,9292.37
Saudi Arabia,SAU,2006,100.0,0.0,0,697.77,9148.08
Saudi Arabia,SAU,2007,100.0,0.0,0,695.5,9139.27
Saudi Arabia,SAU,2008,100.0,0.0,0,694.81,8768.51
Saudi Arabia,SAU,2009,100.0,0.0,0,690.3,8973.2
Saudi Arabia,SAU,2010,100.0,0.0,0,691.4,9888.65
Saudi Arabia,SAU,2011,100.0,0.0,0.0,691.26,9924.29
Saudi Arabia,SAU,2012,99.99,0.01,0.01,692.75,10404.82
Saudi Arabia,SAU,2013,99.99,0.01,0.01,693.07,10513.86
Saudi Arabia,SAU,2014,99.98,0.01,0.01,692.57,11316.25
Saudi Arabia,SAU,2015,99.99,0.01,0.01,693.08,11696.1
Saudi Arabia,SAU,2016,99.99,0.01,0.01,697.23,11619.97
Saudi Arabia,SAU,2017,99.98,0.02,0.02,699.97,12830.71
Saudi Arabia,SAU,2018,99.96,0.04,0.04,702.88,12341.13
Saudi Arabia,SAU,2019,99.94,0.06,0.06,701.7,12432.4
Saudi Arabia,SAU,2020,99.76,0.24,0.24,701.86,12278.65
Saudi Arabia,SAU,2021,99.75,0.25,0.26,702.43,12541.67
Saudi Arabia,SAU,2022,99.51,0.49,0.49,700.05,12736.46
Saudi Arabia,SAU,2023,98.9,1.1,1.1,697.31,12903.03
Saudi Arabia,SAU,2024,97.84,2.16,2.16,691.95,13384.96
Senegal,SEN,2000,96.64,3.36,0,644.3,149.47
Senegal,SEN,2001,96.65,3.35,0,642.46,175.27
Senegal,SEN,2002,87.5,12.5,0,586.54,198.74
Senegal,SEN,2003,83.69,16.31,0,566.52,217.33
Senegal,SEN,2004,86.19,13.81,0,585.77,217.75
Senegal,SEN,2005,88.3,11.7,0,596.23,235.86
Senegal,SEN,2006,89.39,10.61,0,602.27,229.56
Senegal,SEN,2007,92.14,7.86,0,614.29,237.89
Senegal,SEN,2008,90.88,9.12,0,611.49,245.66
Senegal,SEN,2009,90.49,9.51,0,606.56,266.67
Senegal,SEN,2010,90.09,9.91,0,609.91,275.42
Senegal,SEN,2011,89.97,10.03,0,607.9,273.94
Senegal,SEN,2012,90.61,9.39,0,616.02,293.75
Senegal,SEN,2013,90.29,9.71,0,611.55,300.49
Senegal,SEN,2014,90.91,9.09,0,617.23,317.97
Senegal,SEN,2015,90.99,9.01,0,619.37,326.86
Senegal,SEN,2016,91.0,9.0,0.21,623.43,341.88
Senegal,SEN,2017,88.77,11.23,1.91,608.05,326.33
Senegal,SEN,2018,85.83,14.17,5.06,595.14,330.52
Senegal,SEN,2019,86.6,13.4,6.01,609.97,375.47
Senegal,SEN,2020,83.17,16.83,9.9,562.71,382.39
Senegal,SEN,2021,79.73,20.27,14.11,546.55,404.74
Senegal,SEN,2022,80.31,19.69,13.83,550.28,433.4
Senegal,SEN,2023,83.05,16.95,11.83,557.32,483.47
Senegal,SEN,2024,80.21,19.79,14.29,539.97,439.41
Serbia,SRB,2000,69.26,30.74,0,699.53,4543.44
Serbia,SRB,2001,69.64,30.36,0,701.57,4784.42
Serbia,SRB,2002,70.13,29.87,0,707.58,4952.25
Serbia,SRB,2003,74.49,25.51,0,750.15,4880.81
Serbia,SRB,2004,71.44,28.56,0,719.82,4879.83
Serbia,SRB,2005,68.18,31.82,0,686.84,4499.19
Serbia,SRB,2006,71.15,28.85,0,723.73,4667.57
Serbia,SRB,2007,73.7,26.3,0,742.56,4794.87
Serbia,SRB,2008,74.04,25.96,0,749.59,4948.83
Serbia,SRB,2009,72.05,27.95,0,734.29,4885.97
Serbia,SRB,2010,68.23,31.77,0,693.48,5019.02
Serbia,SRB,2011,77.2,22.8,0,780.38,5124.34
Serbia,SRB,2012,74.3,25.7,0,751.87,4994.11
Serbia,SRB,2013,73.95,26.05,0,751.98,5042.48
Serbia,SRB,2014,67.02,32.98,0.03,683.61,4842.81
Serbia,SRB,2015,73.11,26.89,0.03,744.35,5109.19
Serbia,SRB,2016,71.87,28.13,0.1,729.86,5148.69
Serbia,SRB,2017,74.51,25.49,0.16,752.74,5268.96
Serbia,SRB,2018,70.28,29.73,0.44,709.85,5240.73
Serbia,SRB,2019,71.49,28.51,2.47,721.38,5302.78
Serbia,SRB,2020,72.67,27.33,2.66,736.15,5294.01
Serbia,SRB,2021,66.5,33.5,2.91,666.31,5575.36
Serbia,SRB,2022,71.81,28.19,2.78,710.68,5535.09
Serbia,SRB,2023,65.04,34.96,2.85,638.95,5483.37
Serbia,SRB,2024,67.94,32.06,3.81,666.4,5563.95
Seychelles,SYC,2000,100.0,0.0,0,650.0,2399.84
Seychelles,SYC,2001,100.0,0.0,0,650.0,2363.48
Seychelles,SYC,2002,100.0,0.0,0,652.17,2678.22
Seychelles,SYC,2003,100.0,0.0,0,652.17,2641.98
Seychelles,SYC,2004,100.0,0.0,0,652.17,2608.45
Seychelles,SYC,2005,100.0,0.0,0,666.67,3359.91
Seychelles,SYC,2006,100.0,0.0,0,656.25,3540.18
Seychelles,SYC,2007,100.0,0.0,0,647.06,3716.54
Seychelles,SYC,2008,100.0,0.0,0,647.06,3673.17
Seychelles,SYC,2009,100.0,0.0,0,657.14,3737.56
Seychelles,SYC,2010,100.0,0.0,0,657.9,4000.3
Seychelles,SYC,2011,100.0,0.0,0,650.0,4121.97
Seychelles,SYC,2012,100.0,0.0,0,658.54,4117.91
Seychelles,SYC,2013,97.73,2.27,2.27,636.36,4309.16
Seychelles,SYC,2014,97.78,2.22,2.22,644.44,4299.51
Seychelles,SYC,2015,97.83,2.17,2.17,652.17,4289.16
Seychelles,SYC,2016,98.0,2.0,2.0,640.0,4552.24
Seychelles,SYC,2017,98.04,1.96,1.96,647.06,4535.63
Seychelles,SYC,2018,98.08,1.92,1.92,653.85,4519.66
Seychelles,SYC,2019,92.98,7.02,7.02,614.04,4844.39
Seychelles,SYC,2020,88.14,11.86,11.86,576.27,4904.45
Seychelles,SYC,2021,86.67,13.33,13.33,566.67,4878.05
Seychelles,SYC,2022,85.48,14.52,14.52,564.52,4938.94
Seychelles,SYC,2023,85.48,14.52,14.52,564.52,4845.23
Seychelles,SYC,2024,84.13,15.87,15.87,555.56,4829.95
Sierra Leone,SLE,2000,88.89,11.11,0,555.56,20.34
Sierra Leone,SLE,2001,92.31,7.69,0,615.39,27.7
Sierra Leone,SLE,2002,87.5,12.5,0,562.5,32.18
Sierra Leone,SLE,2003,86.67,13.33,0,600.0,28.97
Sierra Leone,SLE,2004,83.33,16.67,0,583.33,22.41
Sierra Leone,SLE,2005,75.0,25.0,0,500.0,14.54
Sierra Leone,SLE,2006,100.0,0.0,0,600.0,8.89
Sierra Leone,SLE,2007,66.67,33.33,0,500.0,10.44
Sierra Leone,SLE,2008,66.67,33.33,0,500.0,10.18
Sierra Leone,SLE,2009,66.67,33.33,0,500.0,9.91
Sierra Leone,SLE,2010,14.29,85.71,0,71.43,22.5
Sierra Leone,SLE,2011,11.77,88.23,0,58.82,26.61
Sierra Leone,SLE,2012,33.33,66.67,0,222.22,27.48
Sierra Leone,SLE,2013,37.5,62.5,0,250.0,23.83
Sierra Leone,SLE,2014,20.0,80.0,0,133.33,21.81
Sierra Leone,SLE,2015,25.0,75.0,0,187.5,22.73
Sierra Leone,SLE,2016,38.09,61.91,0,238.1,29.14
Sierra Leone,SLE,2017,39.13,60.87,4.35,260.87,31.17
Sierra Leone,SLE,2018,33.33,66.67,3.7,222.22,35.74
Sierra Leone,SLE,2019,5.0,95.0,5.0,50.0,25.87
Sierra Leone,SLE,2020,5.0,95.0,5.0,50.0,25.28
Sierra Leone,SLE,2021,5.0,95.0,5.0,50.0,24.71
Sierra Leone,SLE,2022,5.0,95.0,5.0,50.0,24.16
Sierra Leone,SLE,2023,4.76,95.24,9.52,47.62,24.82
Sierra Leone,SLE,2024,4.76,95.24,9.52,47.62,24.3
Singapore,SGP,2000,98.45,1.55,0,657.09,7848.33
Singapore,SGP,2001,97.91,2.09,0,598.31,8031.74
Singapore,SGP,2002,97.78,2.22,0,586.27,8358.06
Singapore,SGP,2003,97.2,2.8,0,570.5,8535.03
Singapore,SGP,2004,97.39,2.61,0,555.68,8823.88
Singapore,SGP,2005,97.49,2.51,0,545.53,8954.25
Singapore,SGP,2006,97.59,2.41,0,539.38,8960.61
Singapore,SGP,2007,97.59,2.41,0,537.81,8948.08
Singapore,SGP,2008,97.5,2.5,0,534.2,8669.07
Singapore,SGP,2009,97.49,2.51,0,533.49,8412.88
Singapore,SGP,2010,97.4,2.6,0,539.68,8934.38
Singapore,SGP,2011,97.39,2.61,0,538.04,8876.47
Singapore,SGP,2012,97.29,2.71,0,525.57,8867.74
Singapore,SGP,2013,96.48,3.52,0,507.61,8907.1
Singapore,SGP,2014,97.2,2.8,0,506.9,9032.78
Singapore,SGP,2015,97.1,2.9,0,506.96,9099.89
Singapore,SGP,2016,97.09,2.91,0.17,506.49,9248.94
Singapore,SGP,2017,97.11,2.89,0.23,507.27,9328.91
Singapore,SGP,2018,97.19,2.81,0.26,507.08,9401.24
Singapore,SGP,2019,97.21,2.79,0.35,506.1,9549.24
Singapore,SGP,2020,97.19,2.81,0.56,504.62,9442.81
Singapore,SGP,2021,97.1,2.9,0.72,506.18,10058.98
Singapore,SGP,2022,95.91,4.09,1.18,504.22,10106.4
Singapore,SGP,2023,95.46,4.54,1.64,500.87,9915.2
Singapore,SGP,2024,95.07,4.93,2.15,498.74,10223.94
Slovakia,SVK,2000,31.45,68.55,0,251.14,5219.33
Slovakia,SVK,2001,30.3,69.7,0,250.47,5231.03
Slovakia,SVK,2002,27.38,72.62,0,225.3,5210.42
Slovakia,SVK,2003,30.79,69.21,0,257.26,5342.07
Slovakia,SVK,2004,30.53,69.47,0.03,253.12,5319.9
Slovakia,SVK,2005,28.49,71.51,0.03,239.31,5220.68
Slovakia,SVK,2006,26.98,73.02,0.03,231.04,5378.62
Slovakia,SVK,2007,27.25,72.75,0.04,235.19,5501.22
Slovakia,SVK,2008,25.89,74.11,0.04,223.69,5432.11
Slovakia,SVK,2009,26.73,73.27,0.04,220.98,5058.43
Slovakia,SVK,2010,25.27,74.73,0.11,205.03,5285.75
Slovakia,SVK,2011,27.83,72.17,1.41,214.29,5374.11
Slovakia,SVK,2012,25.94,74.06,1.52,203.53,5308.17
Slovakia,SVK,2013,22.53,77.47,2.1,181.75,5284.25
Slovakia,SVK,2014,19.87,80.13,2.25,172.87,5213.07
Slovakia,SVK,2015,20.36,79.64,1.95,177.31,5352.12
Slovakia,SVK,2016,20.15,79.85,2.02,177.24,5426.31
Slovakia,SVK,2017,21.15,78.85,1.9,183.08,5601.85
Slovakia,SVK,2018,22.54,77.46,2.21,191.67,5573.9
Slovakia,SVK,2019,22.26,77.74,2.13,171.22,5487.44
Slovakia,SVK,2020,21.82,78.18,2.31,158.54,5285.03
Slovakia,SVK,2021,24.24,75.76,2.26,167.34,5598.26
Slovakia,SVK,2022,18.09,81.91,2.45,142.05,5106.71
Slovakia,SVK,2023,15.21,84.8,2.07,115.14,4731.74
Slovakia,SVK,2024,14.19,85.81,2.34,96.55,4824.98
Slovenia,SVN,2000,36.37,63.63,0,361.5,6185.77
Slovenia,SVN,2001,36.95,63.05,0,367.4,6387.95
Slovenia,SVN,2002,38.77,61.23,0,386.3,6763.51
Slovenia,SVN,2003,40.06,59.94,0,394.79,7021.33
Slovenia,SVN,2004,36.67,63.33,0,364.11,7278.48
Slovenia,SVN,2005,37.46,62.54,0,370.62,7406.42
Slovenia,SVN,2006,38.78,61.22,0,383.85,7563.22
Slovenia,SVN,2007,39.63,60.37,0,388.96,7581.33
Slovenia,SVN,2008,35.53,64.47,0,350.4,7313.26
Slovenia,SVN,2009,35.08,64.92,0,341.67,6548.41
Slovenia,SVN,2010,35.98,64.02,0.06,353.63,6915.74
Slovenia,SVN,2011,36.56,63.44,0.44,358.67,7101.7
Slovenia,SVN,2012,36.59,63.41,1.03,359.49,7066.6
Slovenia,SVN,2013,34.11,65.89,1.39,336.71,7055.84
Slovenia,SVN,2014,24.37,75.63,1.52,244.32,7000.6
Slovenia,SVN,2015,32.43,67.57,1.89,316.89,7160.38
Slovenia,SVN,2016,33.58,66.42,1.73,325.94,7300.94
Slovenia,SVN,2017,33.15,66.85,1.81,318.38,7530.02
Slovenia,SVN,2018,31.76,68.24,1.61,304.59,7547.77
Slovenia,SVN,2019,31.66,68.34,1.95,298.93,7473.23
Slovenia,SVN,2020,29.37,70.63,2.25,277.09,7082.31
Slovenia,SVN,2021,28.48,71.52,2.95,269.4,7248.66
Slovenia,SVN,2022,27.55,72.45,4.94,257.49,7001.6
Slovenia,SVN,2023,23.47,76.53,6.37,225.08,6627.66
Slovenia,SVN,2024,23.94,76.06,7.66,230.4,6749.45
Solomon Islands,SLB,2000,100.0,0.0,0,666.67,136.22
Solomon Islands,SLB,2001,100.0,0.0,0,666.67,133.59
Solomon Islands,SLB,2002,100.0,0.0,0,666.67,131.1
Solomon Islands,SLB,2003,100.0,0.0,0,666.67,128.71
Solomon Islands,SLB,2004,100.0,0.0,0,666.67,126.42
Solomon Islands,SLB,2005,100.0,0.0,0,714.29,144.9
Solomon Islands,SLB,2006,100.0,0.0,0,714.29,142.39
Solomon Islands,SLB,2007,100.0,0.0,0,625.0,159.95
Solomon Islands,SLB,2008,100.0,0.0,0,625.0,157.23
Solomon Islands,SLB,2009,100.0,0.0,0,625.0,154.4
Solomon Islands,SLB,2010,100.0,0.0,0,625.0,150.1
Solomon Islands,SLB,2011,100.0,0.0,0,625.0,144.68
Solomon Islands,SLB,2012,100.0,0.0,0,625.0,139.46
Solomon Islands,SLB,2013,100.0,0.0,0,625.0,134.47
Solomon Islands,SLB,2014,100.0,0.0,0,666.67,145.89
Solomon Islands,SLB,2015,100.0,0.0,0,666.67,140.75
Solomon Islands,SLB,2016,100.0,0.0,0,700.0,150.97
Solomon Islands,SLB,2017,100.0,0.0,0,700.0,145.84
Solomon Islands,SLB,2018,100.0,0.0,0,700.0,141.02
Solomon Islands,SLB,2019,100.0,0.0,0,700.0,137.33
Solomon Islands,SLB,2020,100.0,0.0,0,700.0,134.32
Solomon Islands,SLB,2021,100.0,0.0,0,700.0,131.13
Solomon Islands,SLB,2022,90.91,9.09,9.09,636.36,140.83
Solomon Islands,SLB,2023,90.91,9.09,9.09,636.36,137.5
Solomon Islands,SLB,2024,90.91,9.09,9.09,636.36,134.28
Somalia,SOM,2000,100.0,0.0,0,640.0,28.29
Somalia,SOM,2001,100.0,0.0,0,653.85,28.27
Somalia,SOM,2002,100.0,0.0,0,666.67,28.27
Somalia,SOM,2003,100.0,0.0,0,642.86,28.26
Somalia,SOM,2004,100.0,0.0,0,642.86,27.23
Somalia,SOM,2005,100.0,0.0,0,655.17,27.25
Somalia,SOM,2006,100.0,0.0,0,666.67,27.33
Somalia,SOM,2007,100.0,0.0,0,645.16,27.38
Somalia,SOM,2008,100.0,0.0,0,656.25,27.44
Somalia,SOM,2009,100.0,0.0,0,666.67,27.59
Somalia,SOM,2010,100.0,0.0,0,666.67,26.91
Somalia,SOM,2011,100.0,0.0,0,666.67,26.72
Somalia,SOM,2012,100.0,0.0,0,647.06,27.29
Somalia,SOM,2013,100.0,0.0,0,657.14,27.2
Somalia,SOM,2014,100.0,0.0,0,657.14,26.24
Somalia,SOM,2015,100.0,0.0,0,657.14,25.35
Somalia,SOM,2016,97.22,2.78,2.78,638.89,25.09
Somalia,SOM,2017,94.59,5.41,5.41,621.62,24.8
Somalia,SOM,2018,94.59,5.41,5.41,621.62,23.94
Somalia,SOM,2019,94.59,5.41,5.41,621.62,23.08
Somalia,SOM,2020,91.89,8.11,8.11,594.6,22.22
Somalia,SOM,2021,89.47,10.53,10.53,578.95,22.0
Somalia,SOM,2022,80.95,19.05,19.05,523.81,23.59
Somalia,SOM,2023,80.95,19.05,19.05,523.81,22.88
Somalia,SOM,2024,79.07,20.93,20.93,511.63,22.62
South Africa,ZAF,2000,93.07,6.93,0,799.44,4728.4
South Africa,ZAF,2001,93.88,6.12,0,806.27,4462.99
South Africa,ZAF,2002,93.4,6.6,0.01,802.25,4640.41
South Africa,ZAF,2003,94.05,5.95,0.01,807.63,4786.98
South Africa,ZAF,2004,93.98,6.02,0.01,806.92,4922.7
South Africa,ZAF,2005,94.66,5.34,0.01,812.68,4901.79
South Africa,ZAF,2006,94.73,5.27,0.01,813.48,5017.17
South Africa,ZAF,2007,94.44,5.56,0.01,810.05,5152.33
South Africa,ZAF,2008,94.28,5.71,0.02,809.4,4982.73
South Africa,ZAF,2009,94.09,5.91,0.02,807.9,4790.4
South Africa,ZAF,2010,94.17,5.83,0.02,807.62,4912.11
South Africa,ZAF,2011,93.74,6.26,0.02,803.57,4894.97
South Africa,ZAF,2012,94.39,5.62,0.03,807.04,4701.15
South Africa,ZAF,2013,93.83,6.17,0.04,799.69,4598.68
South Africa,ZAF,2014,92.9,7.1,0.84,791.58,4534.77
South Africa,ZAF,2015,92.5,7.5,2.19,790.96,4380.9
South Africa,ZAF,2016,90.82,9.18,2.86,779.4,4310.55
South Africa,ZAF,2017,89.68,10.32,4.29,768.91,4311.78
South Africa,ZAF,2018,90.61,9.39,4.27,774.68,4292.56
South Africa,ZAF,2019,89.55,10.45,4.75,764.26,4160.24
South Africa,ZAF,2020,89.55,10.46,5.56,763.15,3912.0
South Africa,ZAF,2021,87.26,12.74,6.72,741.51,3933.0
South Africa,ZAF,2022,85.9,14.1,8.43,729.02,3809.97
South Africa,ZAF,2023,84.12,15.88,11.34,714.4,3676.49
South Africa,ZAF,2024,84.34,15.66,11.88,717.36,3846.76
South Korea,KOR,2000,61.07,38.93,0.01,461.59,6210.62
South Korea,KOR,2001,63.03,36.97,0.01,475.31,6587.1
South Korea,KOR,2002,63.09,36.91,0.01,472.79,7019.37
South Korea,KOR,2003,61.24,38.76,0.01,457.89,7319.29
South Korea,KOR,2004,63.22,36.78,0.02,462.61,7715.78
South Korea,KOR,2005,61.27,38.73,0.04,449.59,8139.11
South Korea,KOR,2006,62.1,37.9,0.07,451.18,8394.49
South Korea,KOR,2007,65.35,34.65,0.1,473.64,8829.94
South Korea,KOR,2008,64.89,35.11,0.16,477.26,9153.06
South Korea,KOR,2009,66.32,33.68,0.28,495.28,9319.9
South Korea,KOR,2010,68.83,31.17,0.32,500.21,10150.44
South Korea,KOR,2011,68.71,31.29,0.34,497.09,10547.22
South Korea,KOR,2012,70.16,29.84,0.38,501.89,10709.97
South Korea,KOR,2013,72.26,27.74,0.53,511.75,10727.93
South Korea,KOR,2014,68.67,31.33,0.71,493.39,10692.33
South Korea,KOR,2015,67.15,32.85,1.02,487.64,10744.57
South Korea,KOR,2016,67.89,32.11,1.28,489.38,10935.74
South Korea,KOR,2017,70.38,29.62,1.72,511.48,11195.41
South Korea,KOR,2018,72.79,27.21,2.13,518.81,11481.4
South Korea,KOR,2019,69.51,30.49,2.88,496.97,11335.22
South Korea,KOR,2020,65.24,34.76,3.9,457.63,11128.56
South Korea,KOR,2021,66.09,33.91,4.59,459.46,11721.87
South Korea,KOR,2022,62.81,37.19,5.48,438.06,12023.17
South Korea,KOR,2023,61.2,38.8,5.93,427.29,11932.46
South Korea,KOR,2024,60.11,39.89,5.77,415.51,12092.21
South Sudan,SSD,2012,100.0,0.0,0,659.09,40.91
South Sudan,SSD,2013,100.0,0.0,0,659.57,42.09
South Sudan,SSD,2014,100.0,0.0,0,666.67,42.72
South Sudan,SSD,2015,100.0,0.0,0,655.17,52.22
South Sudan,SSD,2016,100.0,0.0,0,653.85,48.01
South Sudan,SSD,2017,100.0,0.0,0,666.67,52.64
South Sudan,SSD,2018,100.0,0.0,0,666.67,53.34
South Sudan,SSD,2019,100.0,0.0,0,654.55,52.77
South Sudan,SSD,2020,98.21,1.79,1.79,642.86,52.34
South Sudan,SSD,2021,98.25,1.75,1.75,649.12,52.46
South Sudan,SSD,2022,98.04,1.96,1.96,647.06,46.27
South Sudan,SSD,2023,98.21,1.79,1.79,642.86,48.77
South Sudan,SSD,2024,98.21,1.79,1.79,642.86,46.89
Spain,ESP,2000,56.23,43.77,2.15,470.89,5493.94
Spain,ESP,2001,51.51,48.49,2.91,422.49,5734.43
Spain,ESP,2002,59.91,40.09,3.9,481.89,5873.21
Spain,ESP,2003,54.28,45.72,4.7,429.23,6082.83
Spain,ESP,2004,58.88,41.12,5.68,449.12,6327.81
Spain,ESP,2005,65.52,34.48,7.33,475.06,6554.31
Spain,ESP,2006,62.02,37.98,7.92,432.76,6540.04
Spain,ESP,2007,62.43,37.57,9.3,438.85,6505.55
Spain,ESP,2008,60.9,39.1,11.47,390.23,6461.55
Spain,ESP,2009,56.37,43.63,15.2,355.02,6060.23
Spain,ESP,2010,46.35,53.65,17.28,288.25,6179.91
Spain,ESP,2011,50.18,49.82,17.95,337.28,6073.66
Spain,ESP,2012,49.5,50.5,20.9,351.11,6013.61
Spain,ESP,2013,40.26,59.74,24.42,286.86,5862.31
Spain,ESP,2014,38.94,61.06,23.93,288.99,5801.13
Spain,ESP,2015,44.34,55.66,22.8,328.5,5934.41
Spain,ESP,2016,39.69,60.31,23.1,282.93,5956.63
Spain,ESP,2017,46.41,53.59,23.32,329.17,6007.22
Spain,ESP,2018,41.18,58.82,23.45,290.86,5998.79
Spain,ESP,2019,41.1,58.9,26.15,246.67,5847.57
Spain,ESP,2020,33.68,66.32,29.72,199.1,5510.76
Spain,ESP,2021,32.66,67.33,32.93,193.54,5689.67
Spain,ESP,2022,36.79,63.21,34.3,217.13,5589.78
Spain,ESP,2023,28.11,71.89,40.44,169.68,5534.15
Spain,ESP,2024,23.25,76.75,42.89,146.22,5650.32
Sri Lanka,LKA,2000,52.66,47.34,0,358.41,351.42
Sri Lanka,LKA,2001,53.22,46.78,0,361.32,340.3
Sri Lanka,LKA,2002,61.09,38.91,0,410.66,350.4
Sri Lanka,LKA,2003,56.49,43.51,0,382.7,382.43
Sri Lanka,LKA,2004,63.29,36.71,0,425.22,402.74
Sri Lanka,LKA,2005,60.66,39.34,0.11,408.16,436.28
Sri Lanka,LKA,2006,50.74,49.26,0.11,345.34,463.83
Sri Lanka,LKA,2007,59.82,40.18,0.1,402.83,482.13
Sri Lanka,LKA,2008,58.06,41.94,0.1,392.14,480.87
Sri Lanka,LKA,2009,60.36,39.64,0.1,406.47,476.48
Sri Lanka,LKA,2010,46.55,53.45,0.56,319.03,513.43
Sri Lanka,LKA,2011,58.79,41.21,0.87,415.58,549.76
Sri Lanka,LKA,2012,70.59,29.41,1.27,495.76,557.41
Sri Lanka,LKA,2013,39.82,60.18,2.09,301.34,560.89
Sri Lanka,LKA,2014,60.64,39.36,2.41,461.04,577.79
Sri Lanka,LKA,2015,51.25,48.75,2.88,417.87,607.92
Sri Lanka,LKA,2016,67.02,32.98,2.79,522.01,653.1
Sri Lanka,LKA,2017,68.97,31.03,3.49,533.24,674.14
Sri Lanka,LKA,2018,56.13,43.87,3.42,448.66,722.15
Sri Lanka,LKA,2019,66.23,33.77,4.14,518.3,743.85
Sri Lanka,LKA,2020,64.42,35.58,4.79,512.73,731.32
Sri Lanka,LKA,2021,50.6,49.4,7.37,418.05,771.35
Sri Lanka,LKA,2022,49.67,50.33,9.43,410.15,733.52
Sri Lanka,LKA,2023,51.43,48.57,11.1,417.33,713.49
Sri Lanka,LKA,2024,44.76,55.24,12.77,378.44,738.85
Sudan,SDN,2000,50.0,50.0,0,350.39,91.31
Sudan,SDN,2001,49.25,50.75,0,343.28,93.98
Sudan,SDN,2002,53.67,46.33,0,373.33,102.64
Sudan,SDN,2003,63.11,36.89,0,432.28,116.07
Sudan,SDN,2004,65.56,34.44,0,447.22,117.81
Sudan,SDN,2005,64.9,35.1,0,441.92,126.67
Sudan,SDN,2006,67.74,32.26,0,458.07,145.35
Sudan,SDN,2007,69.19,30.81,0,467.05,157.49
Sudan,SDN,2008,71.63,28.37,0,482.27,167.74
Sudan,SDN,2009,49.32,50.68,0,341.91,191.21
Sudan,SDN,2010,17.15,82.85,0,137.2,214.04
Sudan,SDN,2011,23.38,76.62,0,175.09,235.47
Sudan,SDN,2012,29.68,70.32,0.1,215.79,259.19
Sudan,SDN,2013,19.03,80.97,0.1,147.83,282.38
Sudan,SDN,2014,21.56,78.44,0.09,163.02,305.23
Sudan,SDN,2015,35.37,64.63,0.08,249.81,330.3
Sudan,SDN,2016,43.79,56.21,0.14,303.36,363.79
Sudan,SDN,2017,39.49,60.51,0.13,275.8,388.39
Sudan,SDN,2018,40.24,59.76,0.12,280.49,388.87
Sudan,SDN,2019,36.25,63.75,0.12,254.62,360.72
Sudan,SDN,2020,35.17,64.83,0.17,247.67,383.21
Sudan,SDN,2021,37.34,62.66,0.17,261.58,387.58
Sudan,SDN,2022,28.25,71.75,0.78,204.41,357.61
Sudan,SDN,2023,19.02,80.98,0.96,146.11,302.94
Sudan,SDN,2024,20.31,79.69,1.08,153.69,308.63
Suriname,SUR,2000,26.04,73.96,0,187.5,2014.07
Suriname,SUR,2001,29.81,70.19,0,221.15,2137.43
Suriname,SUR,2002,39.84,60.16,0,284.55,2477.01
Suriname,SUR,2003,42.31,57.69,0,300.0,2567.03
Suriname,SUR,2004,46.85,53.15,0,321.68,2782.49
Suriname,SUR,2005,51.48,48.52,0,355.03,3254.25
Suriname,SUR,2006,45.22,54.78,0,312.1,2990.46
Suriname,SUR,2007,42.67,57.33,0,293.33,2824.72
Suriname,SUR,2008,43.05,56.95,0,291.39,2810.6
Suriname,SUR,2009,43.79,56.21,0,300.65,2814.67
Suriname,SUR,2010,38.78,61.22,0,270.41,3564.08
Suriname,SUR,2011,32.68,67.32,0,228.76,2750.42
Suriname,SUR,2012,50.9,49.1,0,347.31,2968.15
Suriname,SUR,2013,52.84,47.16,0,357.96,3093.01
Suriname,SUR,2014,69.78,30.22,0,467.03,3163.13
Suriname,SUR,2015,73.66,26.34,0.54,489.25,3197.89
Suriname,SUR,2016,56.04,43.96,0.55,379.12,3096.48
Suriname,SUR,2017,48.07,51.93,0.55,331.49,3048.57
Suriname,SUR,2018,46.84,53.16,0.53,315.79,3169.21
Suriname,SUR,2019,52.45,47.55,0.49,352.94,3367.57
Suriname,SUR,2020,51.71,48.29,0.49,346.34,3347.92
Suriname,SUR,2021,51.67,48.33,0.48,349.28,3382.4
Suriname,SUR,2022,55.45,44.55,0.47,374.41,3385.9
Suriname,SUR,2023,46.82,53.18,0.58,317.92,2750.87
Suriname,SUR,2024,47.13,52.87,0.57,321.84,2742.59
Sweden,SWE,2000,3.28,96.72,0.32,44.89,16896.79
Sweden,SWE,2001,3.82,96.18,0.3,46.78,17345.96
Sweden,SWE,2002,5.07,94.93,0.42,56.24,17037.45
Sweden,SWE,2003,6.83,93.17,0.5,68.54,16545.3
Sweden,SWE,2004,3.89,96.11,0.57,48.03,16618.1
Sweden,SWE,2005,3.01,96.99,0.59,43.13,16719.14
Sweden,SWE,2006,3.66,96.34,0.68,49.69,16443.8
Sweden,SWE,2007,2.97,97.03,0.96,46.03,16411.83
Sweden,SWE,2008,3.07,96.93,1.33,47.83,16045.72
Sweden,SWE,2009,3.38,96.62,1.83,51.1,15194.53
Sweden,SWE,2010,5.75,94.25,2.36,63.73,16051.0
Sweden,SWE,2011,3.81,96.19,4.07,52.3,15138.75
Sweden,SWE,2012,2.46,97.54,4.32,44.7,15428.37
Sweden,SWE,2013,2.54,97.47,6.46,44.7,14898.0
Sweden,SWE,2014,1.91,98.09,7.35,40.18,14225.84
Sweden,SWE,2015,1.94,98.06,10.14,40.86,14225.24
Sweden,SWE,2016,2.35,97.65,10.02,42.98,14527.45
Sweden,SWE,2017,2.11,97.89,10.86,42.5,14440.44
Sweden,SWE,2018,2.24,97.76,10.42,42.73,14362.09
Sweden,SWE,2019,1.99,98.01,12.19,42.34,13839.71
Sweden,SWE,2020,1.49,98.51,17.44,38.71,13403.93
Sweden,SWE,2021,1.78,98.22,16.75,41.74,14036.88
Sweden,SWE,2022,1.66,98.34,20.36,41.03,13333.23
Sweden,SWE,2023,1.4,98.6,22.5,38.42,13037.02
Sweden,SWE,2024,1.21,98.79,25.91,34.91,13077.22
Switzerland,CHE,2000,3.01,96.99,0.01,33.58,8219.65
Switzerland,CHE,2001,2.87,97.13,0.01,33.36,8387.31
Switzerland,CHE,2002,3.18,96.82,0.01,34.25,8366.83
Switzerland,CHE,2003,3.26,96.74,0.03,34.44,8485.77
Switzerland,CHE,2004,3.37,96.63,0.05,35.23,8554.76
Switzerland,CHE,2005,3.75,96.25,0.05,38.06,8631.8
Switzerland,CHE,2006,3.51,96.49,0.05,36.21,8668.83
Switzerland,CHE,2007,3.06,96.94,0.07,34.47,8531.04
Switzerland,CHE,2008,3.0,97.0,0.09,34.16,8625.01
Switzerland,CHE,2009,2.92,97.08,0.1,34.05,8337.16
Switzerland,CHE,2010,3.39,96.61,0.2,35.88,8506.53
Switzerland,CHE,2011,3.42,96.58,0.38,36.26,8272.28
Switzerland,CHE,2012,3.17,96.83,0.57,36.25,8242.35
Switzerland,CHE,2013,2.96,97.05,0.86,35.52,8192.85
Switzerland,CHE,2014,2.64,97.36,1.34,34.39,7886.22
Switzerland,CHE,2015,2.81,97.19,1.86,35.57,7851.34
Switzerland,CHE,2016,3.5,96.5,2.36,39.44,7763.67
Switzerland,CHE,2017,3.34,96.66,3.01,39.73,7771.81
Switzerland,CHE,2018,2.87,97.13,3.12,36.05,7597.16
Switzerland,CHE,2019,2.69,97.31,3.3,35.28,7497.5
Switzerland,CHE,2020,2.73,97.27,4.01,36.64,7284.23
Switzerland,CHE,2021,2.73,97.27,4.72,38.52,7522.67
Switzerland,CHE,2022,2.56,97.44,6.5,37.27,7377.01
Switzerland,CHE,2023,2.04,97.96,6.84,34.82,7178.8
Switzerland,CHE,2024,1.9,98.1,7.45,34.58,7169.93
Syria,SYR,2000,87.09,12.91,0,626.54,1517.62
Syria,SYR,2001,87.14,12.87,0,632.39,1568.2
Syria,SYR,2002,91.17,8.84,0,663.7,1606.91
Syria,SYR,2003,90.82,9.18,0,667.76,1685.37
Syria,SYR,2004,86.91,13.09,0,630.71,1724.39
Syria,SYR,2005,87.94,12.06,0,634.15,1882.1
Syria,SYR,2006,89.41,10.59,0,642.48,1868.92
Syria,SYR,2007,90.92,9.08,0,642.62,1871.28
Syria,SYR,2008,92.94,7.06,0,655.38,1895.87
Syria,SYR,2009,95.62,4.38,0,691.74,1968.88
Syria,SYR,2010,94.36,5.64,0,696.38,2050.05
Syria,SYR,2011,92.76,7.24,0,684.51,1816.15
Syria,SYR,2012,90.73,9.27,0,676.17,1417.85
Syria,SYR,2013,87.96,12.04,0,662.69,1137.22
Syria,SYR,2014,88.85,11.15,0,676.24,1041.25
Syria,SYR,2015,97.56,2.44,0,734.59,913.79
Syria,SYR,2016,94.72,5.28,0,703.91,943.01
Syria,SYR,2017,95.77,4.23,0,708.79,931.1
Syria,SYR,2018,96.5,3.5,0,699.37,1112.48
Syria,SYR,2019,96.5,3.5,0,697.13,1079.42
Syria,SYR,2020,96.2,3.8,0.1,690.92,983.88
Syria,SYR,2021,96.13,3.87,0.28,692.31,987.57
Syria,SYR,2022,95.62,4.38,0.5,682.27,877.92
Syria,SYR,2023,96.48,3.52,0.4,705.44,1033.29
Syria,SYR,2024,96.46,3.54,0.4,706.19,984.08
Taiwan,TWN,2000,76.14,23.86,0,635.2,8276.59
Taiwan,TWN,2001,77.77,22.23,0.01,654.17,8399.17
Taiwan,TWN,2002,77.9,22.1,0.01,654.19,8811.14
Taiwan,TWN,2003,79.09,20.91,0.01,665.79,9224.27
Taiwan,TWN,2004,79.59,20.41,0.01,663.8,9602.37
Taiwan,TWN,2005,79.79,20.21,0.04,665.14,9967.17
Taiwan,TWN,2006,80.43,19.57,0.12,669.44,10279.02
Taiwan,TWN,2007,80.55,19.45,0.18,669.66,10566.82
Taiwan,TWN,2008,80.05,19.95,0.25,660.11,10322.6
Taiwan,TWN,2009,79.19,20.81,0.35,657.73,9931.21
Taiwan,TWN,2010,80.29,19.71,0.42,653.19,10637.68
Taiwan,TWN,2011,80.37,19.63,0.61,652.31,10834.41
Taiwan,TWN,2012,80.23,19.77,0.63,649.32,10724.34
Taiwan,TWN,2013,79.84,20.16,0.78,644.08,10775.56
Taiwan,TWN,2014,80.51,19.49,0.78,645.5,11075.37
Taiwan,TWN,2015,82.47,17.53,0.92,650.27,10971.02
Taiwan,TWN,2016,83.83,16.17,0.97,659.17,11198.1
Taiwan,TWN,2017,87.73,12.27,1.25,684.71,11435.73
Taiwan,TWN,2018,86.01,13.99,1.6,672.2,11645.73
Taiwan,TWN,2019,83.31,16.69,2.15,649.06,11581.41
Taiwan,TWN,2020,83.98,16.02,2.99,648.06,11832.17
Taiwan,TWN,2021,85.05,14.95,3.52,652.1,12353.59
Taiwan,TWN,2022,84.09,15.91,4.95,639.23,12305.24
Taiwan,TWN,2023,84.8,15.21,6.78,644.18,12106.11
Taiwan,TWN,2024,84.86,15.14,8.74,635.19,12430.45
Tajikistan,TJK,2000,1.54,98.45,0,32.3,2477.43
Tajikistan,TJK,2001,1.25,98.75,0,30.58,2456.54
Tajikistan,TJK,2002,0.92,99.08,0,28.76,2463.38
Tajikistan,TJK,2003,1.03,98.97,0,29.68,2481.01
Tajikistan,TJK,2004,0.91,99.09,0,29.11,2481.39
Tajikistan,TJK,2005,0.7,99.3,0,27.5,2504.07
Tajikistan,TJK,2006,1.36,98.64,0,31.31,2485.28
Tajikistan,TJK,2007,2.17,97.83,0,36.02,2444.93
Tajikistan,TJK,2008,2.17,97.83,0,35.91,2320.67
Tajikistan,TJK,2009,1.36,98.64,0,31.64,2160.15
Tajikistan,TJK,2010,0.24,99.76,0,24.94,2168.02
Tajikistan,TJK,2011,0.25,99.75,0,24.63,2071.62
Tajikistan,TJK,2012,0.41,99.59,0,25.93,2035.17
Tajikistan,TJK,2013,0.23,99.77,0,26.3,1967.93
Tajikistan,TJK,2014,0.99,99.01,0,32.8,1764.87
Tajikistan,TJK,2015,0.93,99.07,0,32.05,1830.2
Tajikistan,TJK,2016,3.54,96.46,0,56.85,1794.57
Tajikistan,TJK,2017,5.41,94.59,0,74.54,1849.01
Tajikistan,TJK,2018,6.84,93.16,0,87.64,1864.12
Tajikistan,TJK,2019,8.54,91.46,0,98.28,1896.12
Tajikistan,TJK,2020,9.9,90.1,0,109.95,1908.85
Tajikistan,TJK,2021,9.94,90.06,0,110.52,1836.08
Tajikistan,TJK,2022,7.31,92.69,0,86.55,1860.1
Tajikistan,TJK,2023,5.79,94.21,0,74.42,1800.8
Tajikistan,TJK,2024,5.41,94.59,0,71.17,1850.64
Tanzania,TZA,2000,13.6,86.4,0,120.0,74.43
Tanzania,TZA,2001,5.3,94.7,0,67.14,81.82
Tanzania,TZA,2002,4.5,95.5,0,62.28,81.39
Tanzania,TZA,2003,4.06,95.94,0,59.04,74.41
Tanzania,TZA,2004,21.07,78.93,0,141.76,69.8
Tanzania,TZA,2005,50.0,50.0,0,292.35,94.69
Tanzania,TZA,2006,57.27,42.73,0,324.79,88.6
Tanzania,TZA,2007,39.15,60.85,0,233.49,103.78
Tanzania,TZA,2008,39.1,60.9,0,222.47,105.71
Tanzania,TZA,2009,43.75,56.25,0,231.25,111.38
Tanzania,TZA,2010,47.84,52.16,0.19,255.16,120.42
Tanzania,TZA,2011,59.96,40.04,0.19,321.08,113.41
Tanzania,TZA,2012,67.55,32.45,0.18,363.32,120.95
Tanzania,TZA,2013,69.95,30.05,0.17,387.31,123.91
Tanzania,TZA,2014,57.35,42.65,0.32,316.29,125.52
Tanzania,TZA,2015,66.46,33.54,0.31,370.6,126.87
Tanzania,TZA,2016,63.78,36.22,0.44,328.45,128.57
Tanzania,TZA,2017,65.2,34.8,0.57,336.63,129.01
Tanzania,TZA,2018,68.26,31.74,0.41,344.73,129.36
Tanzania,TZA,2019,66.8,33.2,0.39,337.19,133.16
Tanzania,TZA,2020,58.62,41.38,0.38,298.85,130.22
Tanzania,TZA,2021,63.12,36.88,0.35,320.23,139.9
Tanzania,TZA,2022,69.65,30.35,0.31,349.27,150.98
Tanzania,TZA,2023,73.51,26.49,0.28,372.75,161.52
Tanzania,TZA,2024,67.08,32.92,0.45,345.02,131.71
Thailand,THA,2000,93.28,6.72,0,606.99,1560.76
Thailand,THA,2001,93.28,6.72,0,603.92,1629.19
Thailand,THA,2002,92.51,7.49,0,591.76,1728.12
Thailand,THA,2003,92.72,7.28,0,590.05,1822.31
Thailand,THA,2004,93.77,6.24,0,598.0,1944.17
Thailand,THA,2005,94.23,5.77,0,599.56,2034.31
Thailand,THA,2006,92.7,7.3,0.03,597.24,2123.4
Thailand,THA,2007,92.69,7.31,0.03,605.56,2179.8
Thailand,THA,2008,93.72,6.28,0.03,607.74,2177.76
Thailand,THA,2009,93.65,6.35,0.03,604.73,2158.66
Thailand,THA,2010,94.43,5.57,0.04,605.26,2384.24
Thailand,THA,2011,92.17,7.83,0.06,599.8,2358.3
Thailand,THA,2012,91.92,8.08,0.31,596.89,2557.46
Thailand,THA,2013,92.5,7.5,0.95,601.82,2576.13
Thailand,THA,2014,91.82,8.18,1.34,601.29,2619.76
Thailand,THA,2015,92.23,7.77,1.52,597.14,2693.19
Thailand,THA,2016,91.06,8.94,2.19,595.48,2797.21
Thailand,THA,2017,88.89,11.11,3.2,583.32,2811.26
Thailand,THA,2018,85.64,14.36,3.48,567.79,2848.85
Thailand,THA,2019,85.14,14.86,4.73,562.28,2924.54
Thailand,THA,2020,85.79,14.21,4.67,570.49,2839.28
Thailand,THA,2021,84.99,15.01,4.83,566.06,2896.39
Thailand,THA,2022,84.21,15.79,4.45,560.29,2980.12
Thailand,THA,2023,84.38,15.62,4.66,549.24,3082.6
Thailand,THA,2024,85.16,14.84,4.42,554.73,3236.17
Togo,TGO,2000,44.44,55.56,0,277.78,117.06
Togo,TGO,2001,61.54,38.46,0,384.62,112.15
Togo,TGO,2002,43.75,56.25,0,312.5,117.36
Togo,TGO,2003,33.33,66.67,0,222.22,124.17
Togo,TGO,2004,57.9,42.1,0,368.42,128.76
Togo,TGO,2005,63.16,36.84,0,421.05,129.31
Togo,TGO,2006,59.09,40.91,0,409.09,129.27
Togo,TGO,2007,47.37,52.63,0,315.79,121.77
Togo,TGO,2008,30.77,69.23,0,230.77,134.77
Togo,TGO,2009,26.67,73.33,0,200.0,143.53
Togo,TGO,2010,59.09,40.91,0,409.09,147.02
Togo,TGO,2011,52.38,47.62,0,333.33,163.06
Togo,TGO,2012,71.88,28.12,0,468.75,192.37
Togo,TGO,2013,87.5,12.5,0,562.5,144.14
Togo,TGO,2014,65.71,34.29,0,428.57,262.34
Togo,TGO,2015,86.36,13.64,0,522.73,142.83
Togo,TGO,2016,78.72,21.28,0,521.28,234.69
Togo,TGO,2017,74.07,25.93,0,481.48,211.62
Togo,TGO,2018,65.0,35.0,1.67,400.0,198.44
Togo,TGO,2019,78.69,21.31,1.64,459.02,190.29
Togo,TGO,2020,85.25,14.75,1.64,508.2,182.33
Togo,TGO,2021,77.47,22.54,9.86,464.79,190.27
Togo,TGO,2022,80.0,20.0,11.11,477.78,251.59
Togo,TGO,2023,73.24,26.76,15.49,436.62,273.59
Togo,TGO,2024,70.42,29.58,18.31,422.54,262.89
Tonga,TON,2000,100.0,0.0,0,750.0,389.5
Tonga,TON,2001,100.0,0.0,0,750.0,387.2
Tonga,TON,2002,100.0,0.0,0,750.0,385.03
Tonga,TON,2003,100.0,0.0,0,750.0,382.85
Tonga,TON,2004,100.0,0.0,0,600.0,475.79
Tonga,TON,2005,100.0,0.0,0,600.0,473.11
Tonga,TON,2006,100.0,0.0,0,600.0,470.52
Tonga,TON,2007,100.0,0.0,0,600.0,468.41
Tonga,TON,2008,100.0,0.0,0,600.0,467.13
Tonga,TON,2009,100.0,0.0,0,600.0,466.33
Tonga,TON,2010,100.0,0.0,0,600.0,465.48
Tonga,TON,2011,100.0,0.0,0,600.0,464.75
Tonga,TON,2012,100.0,0.0,0,600.0,465.22
Tonga,TON,2013,100.0,0.0,0,600.0,466.88
Tonga,TON,2014,100.0,0.0,0,600.0,468.92
Tonga,TON,2015,100.0,0.0,0,600.0,471.21
Tonga,TON,2016,100.0,0.0,0,666.67,568.53
Tonga,TON,2017,85.71,14.29,14.29,571.43,664.31
Tonga,TON,2018,85.71,14.29,14.29,571.43,662.94
Tonga,TON,2019,85.71,14.29,14.29,571.43,662.33
Tonga,TON,2020,85.71,14.29,14.29,571.43,662.12
Tonga,TON,2021,85.71,14.29,14.29,571.43,663.48
Tonga,TON,2022,87.5,12.5,12.5,625.0,761.52
Tonga,TON,2023,85.71,14.29,14.29,571.43,669.13
Tonga,TON,2024,85.71,14.29,14.29,571.43,671.84
Trinidad and Tobago,TTO,2000,99.63,0.37,0,679.49,4137.05
Trinidad and Tobago,TTO,2001,99.47,0.53,0,680.85,4254.76
Trinidad and Tobago,TTO,2002,99.47,0.53,0,680.85,4234.18
Trinidad and Tobago,TTO,2003,99.84,0.15,0,681.68,4810.57
Trinidad and Tobago,TTO,2004,99.69,0.31,0,681.18,4779.3
Trinidad and Tobago,TTO,2005,99.72,0.28,0,680.85,5214.34
Trinidad and Tobago,TTO,2006,99.58,0.42,0,680.61,5277.08
Trinidad and Tobago,TTO,2007,99.74,0.26,0,679.69,5624.8
Trinidad and Tobago,TTO,2008,99.74,0.26,0,679.17,5633.74
Trinidad and Tobago,TTO,2009,99.75,0.26,0,679.85,5685.05
Trinidad and Tobago,TTO,2010,100.0,0.0,0,681.6,6115.43
Trinidad and Tobago,TTO,2011,100.0,0.0,0,681.51,6279.61
Trinidad and Tobago,TTO,2012,100.0,0.0,0,682.02,6496.59
Trinidad and Tobago,TTO,2013,100.0,0.0,0,682.11,6724.91
Trinidad and Tobago,TTO,2014,100.0,0.0,0,681.19,6621.47
Trinidad and Tobago,TTO,2015,99.9,0.1,0.1,681.3,6696.1
Trinidad and Tobago,TTO,2016,99.89,0.11,0.11,681.53,6555.18
Trinidad and Tobago,TTO,2017,99.89,0.11,0.11,681.33,6448.64
Trinidad and Tobago,TTO,2018,99.89,0.11,0.11,681.47,6276.68
Trinidad and Tobago,TTO,2019,99.89,0.11,0.11,681.52,6195.71
Trinidad and Tobago,TTO,2020,99.89,0.11,0.11,681.47,6232.17
Trinidad and Tobago,TTO,2021,99.89,0.11,0.11,681.77,6231.03
Trinidad and Tobago,TTO,2022,99.89,0.1,0.1,682.11,6350.59
Trinidad and Tobago,TTO,2023,99.89,0.1,0.1,681.72,6334.26
Trinidad and Tobago,TTO,2024,99.89,0.1,0.1,681.68,6333.82
Tunisia,TUN,2000,99.25,0.76,0.19,586.4,1084.49
Tunisia,TUN,2001,99.39,0.61,0.18,586.12,1154.04
Tunisia,TUN,2002,99.24,0.76,0.25,584.46,1181.36
Tunisia,TUN,2003,98.32,1.68,0.27,572.7,1117.99
Tunisia,TUN,2004,98.41,1.59,0.34,573.35,1170.55
Tunisia,TUN,2005,98.58,1.42,0.32,574.25,1234.46
Tunisia,TUN,2006,99.0,0.99,0.31,581.48,1264.21
Tunisia,TUN,2007,99.34,0.66,0.29,585.88,1314.92
Tunisia,TUN,2008,99.51,0.49,0.28,582.46,1362.09
Tunisia,TUN,2009,98.82,1.18,0.66,577.33,1436.53
Tunisia,TUN,2010,98.8,1.2,0.88,574.58,1477.8
Tunisia,TUN,2011,99.02,0.98,0.68,576.07,1494.58
Tunisia,TUN,2012,98.26,1.74,1.12,571.19,1616.76
Tunisia,TUN,2013,97.63,2.37,2.04,568.36,1622.78
Tunisia,TUN,2014,96.89,3.11,2.85,564.58,1674.61
Tunisia,TUN,2015,97.02,2.98,2.62,567.76,1699.66
Tunisia,TUN,2016,96.79,3.21,2.95,563.42,1692.3
Tunisia,TUN,2017,97.08,2.92,2.82,566.08,1763.87
Tunisia,TUN,2018,97.37,2.63,2.53,567.4,1769.58
Tunisia,TUN,2019,96.87,3.13,2.82,564.94,1840.83
Tunisia,TUN,2020,96.87,3.13,2.9,564.55,1735.42
Tunisia,TUN,2021,96.89,3.1,2.97,564.38,1903.12
Tunisia,TUN,2022,96.96,3.04,2.99,565.62,1978.66
Tunisia,TUN,2023,96.05,3.95,3.9,560.15,1949.11
Tunisia,TUN,2024,95.6,4.4,4.35,558.26,1951.6
Turkey,TUR,2000,74.95,25.05,0.02,574.13,1952.28
Turkey,TUR,2001,80.09,19.91,0.05,605.29,1907.91
Turkey,TUR,2002,73.56,26.44,0.04,536.43,1962.9
Turkey,TUR,2003,74.52,25.48,0.04,524.8,2065.55
Turkey,TUR,2004,69.08,30.93,0.04,494.22,2173.27
Turkey,TUR,2005,75.41,24.59,0.04,543.59,2314.6
Turkey,TUR,2006,74.74,25.26,0.07,537.48,2492.53
Turkey,TUR,2007,80.96,19.04,0.19,577.8,2684.93
Turkey,TUR,2008,82.65,17.35,0.43,593.54,2767.38
Turkey,TUR,2009,80.42,19.58,0.77,577.02,2678.26
Turkey,TUR,2010,73.61,26.39,1.38,525.05,2868.7
Turkey,TUR,2011,74.68,25.32,2.06,541.0,3103.14
Turkey,TUR,2012,72.77,27.23,2.45,527.79,3222.99
Turkey,TUR,2013,71.18,28.82,3.15,509.97,3224.35
Turkey,TUR,2014,79.11,20.89,3.39,567.26,3296.04
Turkey,TUR,2015,68.04,31.96,4.52,504.64,3320.78
Turkey,TUR,2016,67.11,32.89,6.04,522.78,3420.37
Turkey,TUR,2017,70.66,29.34,6.99,534.26,3571.22
Turkey,TUR,2018,67.74,32.26,9.22,541.83,3548.14
Turkey,TUR,2019,56.2,43.8,10.39,488.44,3509.94
Turkey,TUR,2020,57.84,42.16,11.86,482.45,3501.03
Turkey,TUR,2021,64.6,35.4,13.51,500.61,3761.03
Turkey,TUR,2022,58.09,41.91,15.55,487.93,3713.48
Turkey,TUR,2023,57.99,42.01,16.35,493.73,3710.42
Turkey,TUR,2024,54.39,45.61,18.23,469.74,3889.62
Turkmenistan,TKM,2000,100.0,0.0,0,1306.6,1974.83
Turkmenistan,TKM,2001,100.0,0.0,0,1306.32,2059.71
Turkmenistan,TKM,2002,100.0,0.0,0,1306.54,2021.19
Turkmenistan,TKM,2003,100.0,0.0,0,1306.48,2000.46
Turkmenistan,TKM,2004,100.0,0.0,0,1306.21,2168.17
Turkmenistan,TKM,2005,100.0,0.0,0,1306.55,2288.09
Turkmenistan,TKM,2006,100.0,0.0,0,1306.23,2391.64
Turkmenistan,TKM,2007,100.0,0.0,0,1306.45,2559.09
Turkmenistan,TKM,2008,100.0,0.0,0,1306.52,2536.93
Turkmenistan,TKM,2009,100.0,0.0,0,1306.63,2643.26
Turkmenistan,TKM,2010,100.0,0.0,0,1306.72,2560.94
Turkmenistan,TKM,2011,100.0,0.0,0,1306.62,2581.2
Turkmenistan,TKM,2012,100.0,0.0,0,1306.48,2587.57
Turkmenistan,TKM,2013,100.0,0.0,0,1306.31,2697.27
Turkmenistan,TKM,2014,100.0,0.0,0,1306.37,2829.5
Turkmenistan,TKM,2015,100.0,0.0,0,1306.7,3109.83
Turkmenistan,TKM,2016,100.0,0.0,0,1306.7,3039.29
Turkmenistan,TKM,2017,100.0,0.0,0,1306.4,3179.62
Turkmenistan,TKM,2018,100.0,0.0,0,1306.39,3329.57
Turkmenistan,TKM,2019,100.0,0.0,0,1306.67,2836.59
Turkmenistan,TKM,2020,100.0,0.0,0,1306.68,3246.08
Turkmenistan,TKM,2021,99.97,0.04,0,1305.99,3553.28
Turkmenistan,TKM,2022,99.97,0.03,0,1306.14,3264.09
Turkmenistan,TKM,2023,99.97,0.03,0,1306.14,3204.59
Turkmenistan,TKM,2024,99.97,0.03,0,1306.27,3203.68
Turks and Caicos Islands,TCA,2000,100.0,0.0,0,625.0,4265.76
Turks and Caicos Islands,TCA,2001,100.0,0.0,0,625.0,4081.01
Turks and Caicos Islands,TCA,2002,100.0,0.0,0,700.0,4849.9
Turks and Caicos Islands,TCA,2003,100.0,0.0,0,636.36,5057.7
Turks and Caicos Islands,TCA,2004,100.0,0.0,0,666.67,5244.53
Turks and Caicos Islands,TCA,2005,100.0,0.0,0,692.31,5414.19
Turks and Caicos Islands,TCA,2006,100.0,0.0,0,687.5,6362.84
Turks and Caicos Islands,TCA,2007,100.0,0.0,0,666.67,6846.71
Turks and Caicos Islands,TCA,2008,100.0,0.0,0,684.21,6921.17
Turks and Caicos Islands,TCA,2009,100.0,0.0,0,650.0,6990.56
Turks and Caicos Islands,TCA,2010,100.0,0.0,0,666.67,7055.74
Turks and Caicos Islands,TCA,2011,100.0,0.0,0,666.67,6802.72
Turks and Caicos Islands,TCA,2012,100.0,0.0,0,666.67,6531.48
Turks and Caicos Islands,TCA,2013,100.0,0.0,0,666.67,6236.08
Turks and Caicos Islands,TCA,2014,100.0,0.0,0,652.17,6557.0
Turks and Caicos Islands,TCA,2015,100.0,0.0,0,652.17,6278.66
Turks and Caicos Islands,TCA,2016,100.0,0.0,0,640.0,6520.27
Turks and Caicos Islands,TCA,2017,100.0,0.0,0,655.17,7262.53
Turks and Caicos Islands,TCA,2018,100.0,0.0,0,653.85,6253.01
Turks and Caicos Islands,TCA,2019,100.0,0.0,0,653.85,6019.77
Turks and Caicos Islands,TCA,2020,100.0,0.0,0,640.0,5630.0
Turks and Caicos Islands,TCA,2021,100.0,0.0,0,653.85,5744.33
Turks and Caicos Islands,TCA,2022,100.0,0.0,0,653.85,5668.32
Turks and Caicos Islands,TCA,2023,100.0,0.0,0,653.85,5625.15
Turks and Caicos Islands,TCA,2024,96.3,3.7,3.7,629.63,5798.6
Uganda,UGA,2000,0.63,99.37,0,37.74,59.58
Uganda,UGA,2001,0.63,99.37,0,37.74,57.79
Uganda,UGA,2002,0.58,99.42,0,34.88,57.18
Uganda,UGA,2003,0.56,99.44,0,33.33,60.34
Uganda,UGA,2004,0.0,100.0,0,25.77,64.45
Uganda,UGA,2005,3.57,96.43,0,51.02,67.95
Uganda,UGA,2006,23.75,76.25,0.62,181.25,55.57
Uganda,UGA,2007,27.0,73.0,0.5,200.0,67.11
Uganda,UGA,2008,25.75,74.25,0.86,193.13,75.64
Uganda,UGA,2009,36.36,63.64,0.83,264.46,75.36
Uganda,UGA,2010,40.51,59.49,0.73,291.97,83.36
Uganda,UGA,2011,38.72,61.28,0.75,278.2,78.25
Uganda,UGA,2012,10.0,90.0,1.03,96.55,82.71
Uganda,UGA,2013,0.0,100.0,0.98,35.83,85.18
Uganda,UGA,2014,2.79,97.21,0.93,55.73,85.17
Uganda,UGA,2015,2.25,97.75,0.84,56.34,92.72
Uganda,UGA,2016,1.86,98.14,1.06,55.7,94.07
Uganda,UGA,2017,1.85,98.15,1.59,47.62,86.86
Uganda,UGA,2018,7.21,92.79,1.63,81.4,98.64
Uganda,UGA,2019,3.06,96.94,2.84,56.77,100.0
Uganda,UGA,2020,2.61,97.39,3.04,54.35,98.97
Uganda,UGA,2021,2.47,97.53,2.47,55.03,106.73
Uganda,UGA,2022,2.61,97.39,2.61,57.39,112.87
Uganda,UGA,2023,2.95,97.05,2.6,58.93,109.54
Uganda,UGA,2024,2.93,97.07,2.93,58.52,107.37
Ukraine,UKR,2000,48.43,51.57,0.01,402.47,3389.86
Ukraine,UKR,2001,49.09,50.91,0.01,408.83,3466.73
Ukraine,UKR,2002,49.64,50.36,0.01,414.18,3511.08
Ukraine,UKR,2003,49.78,50.22,0.02,410.73,3635.3
Ukraine,UKR,2004,45.84,54.16,0.02,368.12,3691.37
Ukraine,UKR,2005,45.73,54.27,0.02,374.86,3741.47
Ukraine,UKR,2006,46.72,53.28,0.02,404.27,3874.26
Ukraine,UKR,2007,47.51,52.49,0.03,416.05,3975.11
Ukraine,UKR,2008,47.21,52.79,0.03,417.96,3969.53
Ukraine,UKR,2009,45.26,54.74,0.02,409.65,3632.06
Ukraine,UKR,2010,45.69,54.31,0.03,409.86,3977.1
Ukraine,UKR,2011,47.97,52.03,0.06,427.6,4074.04
Ukraine,UKR,2012,49.03,50.97,0.31,441.87,4055.61
Ukraine,UKR,2013,49.42,50.58,0.62,448.99,3999.41
Ukraine,UKR,2014,46.09,53.91,0.85,417.68,3793.36
Ukraine,UKR,2015,42.12,57.88,0.95,380.13,3545.49
Ukraine,UKR,2016,45.19,54.81,0.88,408.49,3525.67
Ukraine,UKR,2017,38.2,61.8,1.09,347.22,3320.27
Ukraine,UKR,2018,39.05,60.95,1.44,349.31,3401.76
Ukraine,UKR,2019,38.45,61.55,3.21,341.51,3338.71
Ukraine,UKR,2020,36.97,63.03,5.84,325.39,3253.58
Ukraine,UKR,2021,31.04,68.96,6.6,279.47,3485.43
Ukraine,UKR,2022,27.83,72.17,5.83,250.47,2718.96
United Arab Emirates,ARE,2000,100.0,0.0,0,676.77,11432.39
United Arab Emirates,ARE,2001,100.0,0.0,0,676.63,11593.63
United Arab Emirates,ARE,2002,100.0,0.0,0,676.84,11840.29
United Arab Emirates,ARE,2003,100.0,0.0,0,676.64,11794.97
United Arab Emirates,ARE,2004,100.0,0.0,0,676.78,11833.47
United Arab Emirates,ARE,2005,100.0,0.0,0,676.77,13012.36
United Arab Emirates,ARE,2006,100.0,0.0,0,676.81,12465.3
United Arab Emirates,ARE,2007,100.0,0.0,0,676.74,14002.67
United Arab Emirates,ARE,2008,100.0,0.0,0,676.73,12766.02
United Arab Emirates,ARE,2009,99.99,0.01,0.01,676.66,12777.57
United Arab Emirates,ARE,2010,99.98,0.02,0.02,676.64,13540.64
United Arab Emirates,ARE,2011,99.98,0.02,0.02,676.59,13766.36
United Arab Emirates,ARE,2012,99.98,0.02,0.02,676.58,14162.77
United Arab Emirates,ARE,2013,99.92,0.08,0.08,676.15,14041.38
United Arab Emirates,ARE,2014,99.73,0.27,0.27,675.05,14144.92
United Arab Emirates,ARE,2015,99.76,0.24,0.24,675.22,14683.04
United Arab Emirates,ARE,2016,99.75,0.25,0.25,675.26,14421.64
United Arab Emirates,ARE,2017,99.44,0.56,0.56,673.26,14561.97
United Arab Emirates,ARE,2018,99.12,0.88,0.88,671.2,14548.19
United Arab Emirates,ARE,2019,97.36,2.64,2.64,660.09,14762.44
United Arab Emirates,ARE,2020,95.04,4.96,3.77,645.69,14529.25
United Arab Emirates,ARE,2021,88.73,11.27,4.19,605.3,15247.64
United Arab Emirates,ARE,2022,82.08,17.92,4.98,558.49,15163.9
United Arab Emirates,ARE,2023,70.69,29.31,8.63,483.79,15732.81
United Arab Emirates,ARE,2024,68.27,31.73,8.69,467.51,16053.13
United Kingdom,GBR,2000,74.81,25.19,0.25,521.99,6624.58
United Kingdom,GBR,2001,74.11,25.89,0.25,528.99,6665.25
United Kingdom,GBR,2002,74.44,25.56,0.32,520.89,6645.03
United Kingdom,GBR,2003,75.04,24.96,0.32,536.78,6692.87
United Kingdom,GBR,2004,76.1,23.9,0.49,536.02,6671.27
United Kingdom,GBR,2005,75.26,24.74,0.73,535.26,6711.16
United Kingdom,GBR,2006,76.45,23.55,1.06,559.34,6630.35
United Kingdom,GBR,2007,79.16,20.84,1.33,556.06,6533.1
United Kingdom,GBR,2008,80.86,19.14,1.84,554.38,6448.45
United Kingdom,GBR,2009,74.96,25.04,2.47,504.65,6073.31
United Kingdom,GBR,2010,76.88,23.12,2.7,517.2,6106.04
United Kingdom,GBR,2011,71.69,28.31,4.4,499.63,5891.9
United Kingdom,GBR,2012,69.32,30.68,5.82,537.23,5874.41
United Kingdom,GBR,2013,65.44,34.56,8.49,506.92,5788.38
United Kingdom,GBR,2014,62.06,37.94,10.65,462.88,5528.33
United Kingdom,GBR,2015,54.64,45.36,14.11,397.79,5505.79
United Kingdom,GBR,2016,54.38,45.62,14.02,333.45,5416.78
United Kingdom,GBR,2017,49.97,50.03,18.07,302.2,5319.61
United Kingdom,GBR,2018,47.51,52.49,20.85,285.65,5286.25
United Kingdom,GBR,2019,46.23,53.77,23.31,268.41,5190.81
United Kingdom,GBR,2020,40.74,59.26,28.41,242.54,4878.11
United Kingdom,GBR,2021,45.24,54.76,25.03,267.1,4915.71
United Kingdom,GBR,2022,43.79,56.21,28.82,254.98,4697.61
United Kingdom,GBR,2023,39.74,60.26,32.83,235.63,4598.38
United Kingdom,GBR,2024,35.07,64.93,34.51,216.5,4590.08
United States,USA,2000,70.94,29.06,0.16,607.52,13627.27
United States,USA,2001,71.86,28.14,0.2,609.89,13189.83
United States,USA,2002,70.96,29.04,0.28,600.66,13463.67
United States,USA,2003,71.23,28.77,0.3,606.34,13367.55
United States,USA,2004,71.31,28.69,0.37,602.44,13536.36
United States,USA,2005,71.87,28.13,0.46,604.39,13728.58
United States,USA,2006,71.13,28.87,0.67,595.46,13608.8
United States,USA,2007,72.14,27.86,0.85,598.47,13827.73
United States,USA,2008,71.19,28.81,1.37,591.33,13576.24
United States,USA,2009,69.18,30.82,1.9,565.02,12901.19
United States,USA,2010,70.07,29.93,2.33,570.81,13308.95
United States,USA,2011,68.21,31.79,2.98,550.48,13136.11
United States,USA,2012,68.78,31.22,3.59,532.77,12890.99
United States,USA,2013,67.71,32.29,4.36,533.43,12850.21
United States,USA,2014,67.19,32.81,5.14,529.41,12841.3
United States,USA,2015,66.85,33.15,5.63,504.9,12727.15
United States,USA,2016,65.0,35.0,6.89,483.35,12619.44
United States,USA,2017,62.68,37.32,8.18,469.02,12367.74
United States,USA,2018,63.34,36.66,8.71,462.61,12672.52
United States,USA,2019,62.24,37.76,9.69,439.45,12426.12
United States,USA,2020,60.15,39.85,11.59,411.73,12050.84
United States,USA,2021,60.49,39.51,13.06,423.78,12326.3
United States,USA,2022,59.65,40.35,14.91,410.39,12672.53
United States,USA,2023,59.11,40.89,15.52,392.89,12439.86
United States,USA,2024,58.13,41.87,17.21,383.78,12751.86
United States Virgin Islands,VIR,2000,100.0,0.0,0,660.19,9485.13
United States Virgin Islands,VIR,2001,100.0,0.0,0,660.19,9490.03
United States Virgin Islands,VIR,2002,100.0,0.0,0,653.85,9591.18
United States Virgin Islands,VIR,2003,100.0,0.0,0,653.85,9613.07
United States Virgin Islands,VIR,2004,100.0,0.0,0,657.14,9735.65
United States Virgin Islands,VIR,2005,100.0,0.0,0,659.79,9013.03
United States Virgin Islands,VIR,2006,100.0,0.0,0,659.79,9026.36
United States Virgin Islands,VIR,2007,100.0,0.0,0,653.06,9138.55
United States Virgin Islands,VIR,2008,100.0,0.0,0,659.79,9067.88
United States Virgin Islands,VIR,2009,100.0,0.0,0,663.04,8616.9
United States Virgin Islands,VIR,2010,100.0,0.0,0,656.25,9028.92
United States Virgin Islands,VIR,2011,100.0,0.0,0,663.16,9013.45
United States Virgin Islands,VIR,2012,100.0,0.0,0,655.17,8340.76
United States Virgin Islands,VIR,2013,100.0,0.0,0,658.54,7948.2
United States Virgin Islands,VIR,2014,98.72,1.28,1.28,653.85,7646.16
United States Virgin Islands,VIR,2015,98.72,1.28,1.28,653.85,7780.47
United States Virgin Islands,VIR,2016,98.7,1.3,1.3,649.35,7873.61
United States Virgin Islands,VIR,2017,98.33,1.67,1.67,650.0,6307.56
United States Virgin Islands,VIR,2018,98.39,1.61,1.61,645.16,6715.99
United States Virgin Islands,VIR,2019,98.48,1.51,1.51,651.52,7383.38
United States Virgin Islands,VIR,2020,98.44,1.56,1.56,640.63,7295.61
United States Virgin Islands,VIR,2021,96.97,3.03,3.03,636.36,7565.51
United States Virgin Islands,VIR,2022,97.06,2.94,2.94,632.35,7859.36
United States Virgin Islands,VIR,2023,97.06,2.94,2.94,632.35,7933.55
Uruguay,URY,2000,6.59,93.41,0,67.19,2443.2
Uruguay,URY,2001,0.22,99.78,0,25.95,2443.3
Uruguay,URY,2002,0.31,99.69,0,27.08,2400.22
Uruguay,URY,2003,0.12,99.88,0,25.64,2401.57
Uruguay,URY,2004,18.3,81.69,0,140.68,2506.73
Uruguay,URY,2005,12.5,87.5,0,104.17,2562.56
Uruguay,URY,2006,35.37,64.63,0,249.55,2565.73
Uruguay,URY,2007,13.01,86.99,0,108.74,2788.94
Uruguay,URY,2008,38.77,61.23,0,289.62,2937.45
Uruguay,URY,2009,31.83,68.17,0.46,243.37,2990.85
Uruguay,URY,2010,10.8,89.2,0.65,111.73,3139.9
Uruguay,URY,2011,25.34,74.66,1.06,204.06,3246.34
Uruguay,URY,2012,35.38,64.62,1.04,272.64,3342.92
Uruguay,URY,2013,15.87,84.13,1.2,149.23,3422.68
Uruguay,URY,2014,5.24,94.76,5.62,85.52,3488.92
Uruguay,URY,2015,6.84,93.16,15.43,98.98,3687.62
Uruguay,URY,2016,3.17,96.83,22.64,74.98,3882.49
Uruguay,URY,2017,1.53,98.47,28.15,64.81,3804.11
Uruguay,URY,2018,2.46,97.54,35.18,69.13,3956.36
Uruguay,URY,2019,1.74,98.26,32.17,60.98,3844.34
Uruguay,URY,2020,5.97,94.03,43.77,94.33,3807.04
Uruguay,URY,2021,15.38,84.61,34.21,150.72,3886.13
Uruguay,URY,2022,9.22,90.78,35.53,110.36,3981.23
Uruguay,URY,2023,7.57,92.43,40.95,113.11,4123.28
Uruguay,URY,2024,1.12,98.88,42.78,69.56,4287.51
Uzbekistan,UZB,2000,92.47,7.53,0,1103.5,1942.14
Uzbekistan,UZB,2001,90.91,9.09,0,1085.07,1931.03
Uzbekistan,UZB,2002,87.81,12.19,0,1049.39,1941.73
Uzbekistan,UZB,2003,83.24,16.76,0,997.33,1895.28
Uzbekistan,UZB,2004,87.73,12.27,0,1057.95,1899.78
Uzbekistan,UZB,2005,81.27,18.73,0,984.69,1798.01
Uzbekistan,UZB,2006,90.57,9.43,0,1105.64,1831.53
Uzbekistan,UZB,2007,90.47,9.53,0,1114.85,1847.02
Uzbekistan,UZB,2008,91.06,8.94,0,1129.83,1830.17
Uzbekistan,UZB,2009,87.07,12.93,0,1085.03,1791.38
Uzbekistan,UZB,2010,84.24,15.76,0,1053.69,1789.65
Uzbekistan,UZB,2011,89.2,10.79,0,1118.37,1806.53
Uzbekistan,UZB,2012,87.45,12.55,0,1098.3,1788.33
Uzbekistan,UZB,2013,89.56,10.44,0,1125.98,1807.63
Uzbekistan,UZB,2014,89.11,10.89,0,1121.08,1818.81
Uzbekistan,UZB,2015,88.12,11.88,0,1111.65,1825.08
Uzbekistan,UZB,2016,88.31,11.69,0,1114.12,1828.7
Uzbekistan,UZB,2017,86.95,13.05,0.02,1096.98,1891.94
Uzbekistan,UZB,2018,90.64,9.36,0.02,1139.19,1938.62
Uzbekistan,UZB,2019,89.82,10.18,0.02,1119.26,1967.86
Uzbekistan,UZB,2020,92.47,7.53,0.01,1149.11,2055.89
Uzbekistan,UZB,2021,92.97,7.03,0.07,1150.48,2191.06
Uzbekistan,UZB,2022,90.78,9.22,0.59,1121.35,2215.29
Uzbekistan,UZB,2023,90.1,9.9,1.3,1113.28,2236.32
Uzbekistan,UZB,2024,84.05,15.95,5.89,1040.12,2321.94
Vanuatu,VUT,2000,100.0,0.0,0,600.0,268.4
Vanuatu,VUT,2001,100.0,0.0,0,600.0,261.72
Vanuatu,VUT,2002,100.0,0.0,0,600.0,255.27
Vanuatu,VUT,2003,100.0,0.0,0,600.0,249.05
Vanuatu,VUT,2004,100.0,0.0,0,600.0,243.05
Vanuatu,VUT,2005,100.0,0.0,0,600.0,237.22
Vanuatu,VUT,2006,100.0,0.0,0,600.0,231.55
Vanuatu,VUT,2007,100.0,0.0,0,600.0,225.95
Vanuatu,VUT,2008,100.0,0.0,0,666.67,264.42
Vanuatu,VUT,2009,100.0,0.0,0,666.67,257.8
Vanuatu,VUT,2010,100.0,0.0,0,666.67,251.83
Vanuatu,VUT,2011,100.0,0.0,0,666.67,246.42
Vanuatu,VUT,2012,100.0,0.0,0,666.67,241.07
Vanuatu,VUT,2013,85.71,14.29,14.29,571.43,275.06
Vanuatu,VUT,2014,85.71,14.29,14.29,571.43,268.98
Vanuatu,VUT,2015,83.33,16.67,16.67,500.0,225.47
Vanuatu,VUT,2016,85.71,14.29,14.29,571.43,257.26
Vanuatu,VUT,2017,100.0,0.0,0,666.67,215.43
Vanuatu,VUT,2018,75.0,25.0,12.5,500.0,280.43
Vanuatu,VUT,2019,66.67,33.33,22.22,444.44,308.22
Vanuatu,VUT,2020,66.67,33.33,22.22,444.44,301.14
Vanuatu,VUT,2021,75.0,25.0,12.5,500.0,261.54
Vanuatu,VUT,2022,75.0,25.0,12.5,500.0,255.54
Vanuatu,VUT,2023,75.0,25.0,12.5,500.0,249.67
Venezuela,VEN,2000,26.25,73.75,0,212.74,3474.58
Venezuela,VEN,2001,32.93,67.07,0,261.57,3606.09
Venezuela,VEN,2002,35.19,64.81,0,274.14,3616.57
Venezuela,VEN,2003,34.17,65.83,0,263.73,3535.36
Venezuela,VEN,2004,28.9,71.1,0,228.62,3755.76
Venezuela,VEN,2005,26.72,73.28,0,211.22,3912.89
Venezuela,VEN,2006,26.1,73.9,0,207.21,4035.68
Venezuela,VEN,2007,27.27,72.73,0,217.67,4111.12
Venezuela,VEN,2008,27.21,72.79,0,215.68,4235.81
Venezuela,VEN,2009,28.11,71.89,0,222.13,4191.53
Venezuela,VEN,2010,32.51,67.49,0,252.02,3932.24
Venezuela,VEN,2011,29.07,70.93,0,227.11,4024.98
Venezuela,VEN,2012,36.05,63.95,0.04,279.87,4330.06
Venezuela,VEN,2013,38.11,61.89,0.07,297.79,4513.21
Venezuela,VEN,2014,44.13,55.87,0.08,341.49,3779.99
Venezuela,VEN,2015,41.19,58.81,0.08,318.93,4139.14
Venezuela,VEN,2016,46.08,53.92,0.09,356.76,3764.91
Venezuela,VEN,2017,41.61,58.39,0.1,320.81,3361.32
Venezuela,VEN,2018,41.63,58.37,0.05,320.93,3310.9
Venezuela,VEN,2019,41.62,58.38,0.08,320.85,2912.42
Venezuela,VEN,2020,22.32,77.68,0.04,184.57,2807.61
Venezuela,VEN,2021,20.76,79.23,0.04,174.24,2936.84
Venezuela,VEN,2022,21.64,78.36,0.04,180.43,2919.22
Venezuela,VEN,2023,9.66,90.34,0.04,91.86,2542.68
Venezuela,VEN,2024,8.86,91.14,0.04,85.86,2820.93
Vietnam,VNM,2000,45.22,54.78,0,321.91,344.25
Vietnam,VNM,2001,40.51,59.49,0,290.76,392.59
Vietnam,VNM,2002,49.16,50.84,0,344.41,454.48
Vietnam,VNM,2003,53.6,46.4,0,375.76,514.43
Vietnam,VNM,2004,61.43,38.57,0,407.14,575.06
Vietnam,VNM,2005,68.16,31.84,0,462.56,646.95
Vietnam,VNM,2006,65.86,34.15,0,448.36,716.46
Vietnam,VNM,2007,64.9,35.1,0,438.9,798.61
Vietnam,VNM,2008,63.31,36.69,0,421.85,870.79
Vietnam,VNM,2009,62.74,37.26,0.01,411.95,975.83
Vietnam,VNM,2010,68.8,31.2,0.05,450.72,1101.82
Vietnam,VNM,2011,59.42,40.58,0.05,405.48,1191.16
Vietnam,VNM,2012,53.61,46.39,0.04,369.4,1302.75
Vietnam,VNM,2013,53.43,46.57,0.06,371.36,1399.86
Vietnam,VNM,2014,55.89,44.11,0.06,401.13,1556.4
Vietnam,VNM,2015,65.22,34.78,0.08,483.73,1755.06
Vietnam,VNM,2016,64.13,35.87,0.12,489.09,1920.21
Vietnam,VNM,2017,55.57,44.43,0.18,430.52,2053.33
Vietnam,VNM,2018,61.29,38.71,0.24,482.87,2273.55
Vietnam,VNM,2019,69.6,30.4,2.34,553.89,2450.66
Vietnam,VNM,2020,65.18,34.82,4.81,528.44,2503.18
Vietnam,VNM,2021,57.23,42.77,11.63,475.06,2571.69
Vietnam,VNM,2022,50.54,49.46,13.14,415.41,2682.87
Vietnam,VNM,2023,57.06,42.94,13.48,472.4,2790.87
Vietnam,VNM,2024,57.72,42.28,12.72,484.32,3041.76
Western Sahara,ESH,2000,100.0,0.0,0,625.0,294.18
Western Sahara,ESH,2001,100.0,0.0,0,625.0,280.51
Western Sahara,ESH,2002,100.0,0.0,0,666.67,301.54
Western Sahara,ESH,2003,100.0,0.0,0,666.67,288.65
Western Sahara,ESH,2004,100.0,0.0,0,666.67,276.75
Western Sahara,ESH,2005,100.0,0.0,0,666.67,265.72
Western Sahara,ESH,2006,100.0,0.0,0,666.67,255.21
Western Sahara,ESH,2007,100.0,0.0,0,666.67,245.32
Western Sahara,ESH,2008,100.0,0.0,0,666.67,236.32
Western Sahara,ESH,2009,100.0,0.0,0,666.67,227.87
Yemen,YEM,2000,100.0,0.0,0,656.89,173.77
Yemen,YEM,2001,100.0,0.0,0,659.34,179.97
Yemen,YEM,2002,100.0,0.0,0,657.83,180.94
Yemen,YEM,2003,100.0,0.0,0,658.54,191.09
Yemen,YEM,2004,100.0,0.0,0,658.26,197.33
Yemen,YEM,2005,100.0,0.0,0,658.28,209.3
Yemen,YEM,2006,100.0,0.0,0,658.63,228.94
Yemen,YEM,2007,100.0,0.0,0,658.38,247.96
Yemen,YEM,2008,100.0,0.0,0,658.02,260.83
Yemen,YEM,2009,100.0,0.0,0,657.78,260.34
Yemen,YEM,2010,100.0,0.0,0,703.61,290.05
Yemen,YEM,2011,100.0,0.0,0,694.04,225.14
Yemen,YEM,2012,100.0,0.0,0,711.46,248.65
Yemen,YEM,2013,100.0,0.0,0,712.94,289.97
Yemen,YEM,2014,99.87,0.13,0.13,723.24,253.42
Yemen,YEM,2015,97.92,2.08,2.08,713.54,184.86
Yemen,YEM,2016,96.67,3.33,3.33,694.39,149.8
Yemen,YEM,2017,95.31,4.69,4.69,669.14,122.39
Yemen,YEM,2018,86.25,13.75,13.75,590.26,102.39
Yemen,YEM,2019,85.37,14.63,14.63,585.37,93.42
Yemen,YEM,2020,83.33,16.67,16.67,578.23,81.36
Yemen,YEM,2021,82.88,17.12,17.12,589.04,78.62
Yemen,YEM,2022,83.17,16.83,16.83,584.16,79.27
Yemen,YEM,2023,89.84,10.16,10.16,597.66,129.98
Yemen,YEM,2024,88.76,11.24,11.24,592.38,129.36
Zambia,ZMB,2000,0.52,99.48,0,27.24,634.88
Zambia,ZMB,2001,0.63,99.37,0,28.97,665.36
Zambia,ZMB,2002,0.73,99.27,0,29.41,692.15
Zambia,ZMB,2003,0.72,99.28,0,30.05,711.06
Zambia,ZMB,2004,0.59,99.41,0,28.2,730.27
Zambia,ZMB,2005,0.67,99.33,0,29.08,742.4
Zambia,ZMB,2006,0.1,99.9,0,24.79,756.0
Zambia,ZMB,2007,0.1,99.9,0,24.9,756.06
Zambia,ZMB,2008,0.1,99.89,0,25.18,744.93
Zambia,ZMB,2009,0.1,99.9,0,24.27,690.12
Zambia,ZMB,2010,0.1,99.9,0,24.88,708.17
Zambia,ZMB,2011,0.09,99.91,0,24.37,802.06
Zambia,ZMB,2012,0.16,99.84,0,24.25,774.46
Zambia,ZMB,2013,0.15,99.85,0,24.81,798.1
Zambia,ZMB,2014,2.82,97.18,0,42.7,835.47
Zambia,ZMB,2015,2.96,97.04,0,43.67,800.04
Zambia,ZMB,2016,5.69,94.31,0,65.42,778.03
Zambia,ZMB,2017,13.67,86.33,0,125.0,817.02
Zambia,ZMB,2018,15.36,84.64,0,140.66,846.24
Zambia,ZMB,2019,15.35,84.65,0.81,138.61,756.73
Zambia,ZMB,2020,14.51,85.49,0.98,135.26,735.6
Zambia,ZMB,2021,8.01,91.99,0.85,86.91,795.26
Zambia,ZMB,2022,11.09,88.91,0.72,111.97,815.27
Zambia,ZMB,2023,11.0,89.0,0.77,111.0,776.4
Zambia,ZMB,2024,12.53,87.47,0.86,119.68,778.8
Zimbabwe,ZWE,2000,54.36,45.64,0,476.4,1015.8
Zimbabwe,ZWE,2001,62.53,37.47,0,544.3,999.84
Zimbabwe,ZWE,2002,55.59,44.41,0,487.18,1041.56
Zimbabwe,ZWE,2003,39.25,60.75,0,351.54,978.55
Zimbabwe,ZWE,2004,43.42,56.58,0,384.77,951.0
Zimbabwe,ZWE,2005,47.54,52.46,0,419.87,988.51
Zimbabwe,ZWE,2006,32.21,67.79,0,294.49,940.14
Zimbabwe,ZWE,2007,28.42,71.58,0,261.84,822.39
Zimbabwe,ZWE,2008,24.11,75.89,0,226.74,675.2
Zimbabwe,ZWE,2009,24.28,75.72,0,226.34,652.07
Zimbabwe,ZWE,2010,32.06,67.94,0,292.82,701.53
Zimbabwe,ZWE,2011,42.31,57.69,0,377.32,718.62
Zimbabwe,ZWE,2012,39.78,60.22,0,357.38,701.99
Zimbabwe,ZWE,2013,46.23,53.77,0,410.9,718.58
Zimbabwe,ZWE,2014,44.83,55.17,0,396.55,686.97
Zimbabwe,ZWE,2015,47.45,52.55,0.1,420.23,659.07
Zimbabwe,ZWE,2016,55.09,44.91,0.14,488.15,617.8
Zimbabwe,ZWE,2017,45.3,54.7,0.13,403.97,659.58
Zimbabwe,ZWE,2018,44.33,55.67,0.11,395.55,695.07
Zimbabwe,ZWE,2019,48.35,51.65,0.24,429.25,627.97
Zimbabwe,ZWE,2020,41.43,58.57,0.3,371.09,559.67
Zimbabwe,ZWE,2021,29.29,70.71,0.23,269.55,652.65
Zimbabwe,ZWE,2022,32.66,67.34,0.34,297.54,675.21
Zimbabwe,ZWE,2023,43.84,56.16,0.3,392.39,733.75
Zimbabwe,ZWE,2024,42.88,57.12,0.39,384.02,727.41
